repeat_idx,patterns_used,pairwise_l1_min_a,pairwise_l1_mean_a,pairs_below_40a,pairs_total,internal_gap_min_a,consec_step_min_a,patterns_violating_internal_4a,patterns_violating_consec_8a
1,47,7,41.296947271045326,494,1081,1,1,43,43
2,45,10,42.93131313131313,423,990,1,1,44,44
3,47,4,43.306197964847364,431,1081,1,1,45,45
4,45,8,40.95151515151515,461,990,1,1,42,43
5,48,6,39.526595744680854,571,1128,1,1,48,47
6,45,10,42.93131313131313,425,990,1,1,45,42
7,45,10,40.31919191919192,481,990,1,1,44,44
8,45,6,43.39191919191919,392,990,1,1,44,41
9,46,4,42.04927536231884,445,1035,1,1,45,45
10,48,7,40.343971631205676,550,1128,1,1,47,44
11,45,8,41.23030303030303,467,990,1,1,45,42
12,47,7,41.48936170212766,493,1081,1,1,45,43
13,49,10,42.73809523809524,496,1176,1,1,49,44
14,45,13,44.282828282828284,357,990,1,1,45,44
15,49,11,41.98809523809524,550,1176,1,1,47,47
16,47,6,41.63922294172063,472,1081,1,1,46,43
17,47,8,42.58279370952822,471,1081,1,1,47,41
18,48,8,40.62234042553192,544,1128,1,1,45,47
19,47,11,41.56151711378353,488,1081,1,1,45,46
20,49,5,42.30612244897959,492,1176,1,1,46,43
all,934,4,41.874446031517195,9503,21363,1,1,907,878
