repeat_idx,ev_idx,gt_slot,pred_slot,primary_cause,candidate_count,candidate_bin,true_slot_candidate_position,selected_slot_rank,prefix_samples,shared_points,late_or_lost_samples,t_eff_s,steps_observed,truncated,session_len_s,decision_latency_s,ev_sensor_delay_s,ev_sensor_gain,ev_sensor_bias_a,sensing_2sigma,pattern,chosen_pattern,l1_true_vs_chosen_a,cost_true_slot,cost_chosen_slot,posterior_true_slot,posterior_chosen_slot
1,11,38,9,overlap,13,11–25,2.0,10,73,73,0,360.0,6,False,626,362.0,3,1.0050641113839456,0.285850637786493,False,0|30|21|16|12|7,0|15|29|20|9|6,31.0,1.2367978592004953,1.046952072425006,0.2969919640042099,0.3650512044634754
1,119,6,22,overlap,42,> 40,2.0,40,73,73,0,360.0,6,False,3355,358.0,11,1.047180213851703,0.3657923774832797,False,0|23|25|8|22|18,0|8|30|26|18|9,51.0,2.228141153212228,2.049411645025265,0.10832906915097226,0.14568678266543197
1,247,41,16,overlap,30,26–40,1.0,18,73,73,0,360.0,6,False,1899,366.0,1,1.0291961043889757,-0.1918491667637756,False,0|15|29|20|9|6,0|8|30|26|18|9,26.0,1.395549422335213,1.2254928843439434,0.2592733198303478,0.30646245882237894
1,264,43,30,overlap,34,26–40,2.0,30,73,73,0,360.0,6,False,2836,355.0,2,0.9835649563339648,0.1112338375078455,False,0|28|14|15|21|12,0|8|21|15|18|22,40.0,1.4483617325869127,1.2395861615840609,0.23637529644257638,0.304019869374158
1,295,41,35,sensing,31,26–40,1.0,2,73,73,0,360.0,6,False,1322,391.0,19,1.020444681727751,-0.1600685556804316,True,0|28|7|25|10|15,0|21|9|30|10|7,22.0,0.9623555872688758,0.7758066752286473,0.3974073648503103,0.47894887875561604
1,298,34,21,overlap,33,26–40,1.0,29,73,73,0,360.0,6,False,1205,365.0,1,1.020294631718201,0.4841920090186478,False,0|8|16|6|19|7,0|6|10|12|21|18,27.0,1.3404586619437109,1.2422316060332728,0.2739121580435612,0.30667142668403446
1,351,25,33,overlap,20,11–25,1.0,12,73,73,0,360.0,6,False,2657,384.0,4,1.02476273595593,0.1189992542552233,False,0|9|13|29|11|27,0|6|18|28|15|10,30.0,1.2613695990883238,0.5852005128474604,0.292473394388485,0.5743938638466111
1,373,18,37,sensing,32,26–40,1.0,15,73,73,0,360.0,6,False,2101,361.0,18,0.9613684152277024,-0.0360458161260636,True,0|26|7|24|15|23,0|28|7|25|10|15,16.0,0.8876485004143227,0.8637007715527472,0.4315434550457221,0.48411437929056683
1,481,5,25,overlap,39,26–40,2.0,17,73,73,0,360.0,6,False,2653,397.0,12,0.9920936184640432,-0.2519784581214589,False,0|21|9|30|10|7,0|12|13|28|10|19,27.0,1.6590724820886849,1.372135191212771,0.20678435988567725,0.2745145485973982
2,88,31,24,overlap,33,26–40,1.0,18,73,73,0,360.0,6,False,1736,356.0,1,1.0381472046778866,0.0797925911731113,False,0|16|29|14|11|7,0|6|24|26|8|7,30.0,1.3003574006926624,0.9201089862857138,0.2803029061912501,0.4235472015054653
2,102,21,36,overlap,32,26–40,2.0,3,73,73,0,360.0,6,False,2623,355.0,8,1.0037302723801564,0.057646412681411,False,0|24|20|21|16|10,0|6|24|18|23|7,35.0,1.3362591663998935,1.2094525257117477,0.27435829257293265,0.32331767163256103
2,112,28,48,sensing,34,26–40,1.0,23,73,73,0,360.0,6,False,2282,355.0,10,1.0862410416646613,-0.0532009991527076,True,0|17|29|11|13|27,0|7|24|20|14|27,25.0,1.288268727404248,0.9347495898765974,0.2889429007715383,0.40146283738093336
2,160,17,47,overlap,37,26–40,1.0,23,73,73,0,360.0,6,False,1012,365.0,4,1.0041917854057896,0.4163509871674029,False,0|23|21|12|18|10,0|24|20|21|16|10,13.0,1.7707848383648306,1.2660555456942084,0.17612979856726724,0.3112562014784643
2,248,29,10,sensing,29,26–40,3.0,9,73,73,0,360.0,6,False,2365,354.0,16,0.9791837940588894,0.4541668572584218,True,0|13|9|12|15|29,0|6|13|9|18|28,18.0,1.2671206089057303,0.9126208442893612,0.2852094616387502,0.43492194929130157
2,314,20,39,overlap,32,26–40,1.0,27,73,73,0,360.0,6,False,1867,364.0,2,0.941354824739164,-0.2885053314314529,False,0|17|29|11|13|27,0|27|30|6|18|14,34.0,1.7619585428863946,1.5773162405430714,0.1748278267694633,0.21776279943639298
2,321,19,15,overlap,31,26–40,1.0,2,73,73,0,360.0,6,False,1265,356.0,7,1.0339872528651874,0.4018675847958057,False,0|17|6|11|27|13,0|6|13|9|18|28,44.0,1.4821440315765515,0.8369815627858636,0.24490795731554754,0.48960776227141295
2,373,28,3,overlap,35,26–40,1.0,31,73,73,0,360.0,6,False,1983,365.0,2,1.0018661715334412,0.120194911317261,False,0|16|29|14|11|7,0|23|21|22|15|18,38.0,1.466019585766524,1.4577410916612614,0.243776754888151,0.24816901000539066
3,58,40,23,sensing,30,26–40,1.0,29,73,73,0,360.0,6,False,2732,390.0,19,0.9796591658053412,0.2945220116689959,True,0|7|20|12|28|11,0|12|18|8|22|9,19.0,1.6970307782088334,1.078127957749969,0.18576615631031362,0.34277537271986824
3,187,42,36,sensing,24,11–25,1.0,9,73,73,0,360.0,6,False,2220,357.0,15,0.9505819656091884,-0.0503592667162288,True,0|24|27|16|21|7,0|9|26|29|10|16,49.0,1.8562581047568367,1.7908169746266733,0.16243337112336817,0.18021177179910028
3,199,23,25,overlap,27,26–40,1.0,15,73,73,0,360.0,6,False,2038,358.0,10,1.0518937981013063,-0.049477202549135,False,0|29|17|11|27|8,0|28|21|22|17|20,38.0,1.0861302175195082,0.9008934891726285,0.34717711480222996,0.4362800603442759
3,463,49,12,overlap,34,26–40,2.0,29,73,73,0,360.0,6,False,789,355.0,9,0.9841945348251172,-0.1487007940905123,False,0|29|17|11|27|8,0|19|24|12|17|27,47.0,1.7396483458884047,1.4269346472404656,0.1770652027636733,0.24777841230018374
4,110,47,37,sensing,23,11–25,2.0,1,73,73,0,360.0,6,False,2242,385.0,17,0.995069320964864,-0.3154337988682512,True,0|10|29|18|14|22,0|14|25|17|18|11,24.0,0.831678282440681,0.6460429944644814,0.44701880200793914,0.5255253633038853
4,282,13,31,sensing,37,26–40,4.0,1,73,73,0,360.0,6,False,951,396.0,15,1.0274426830608576,-0.3448400170166447,True,0|6|17|30|16|24,0|13|21|25|15|17,24.0,1.7358413512623116,1.2436184414556748,0.1842883765200674,0.3035684280882805
5,171,3,18,overlap,37,26–40,1.0,17,73,73,0,360.0,6,False,3332,421.0,13,0.9748202737310916,-0.6020096907533337,False,0|22|30|23|7|26,0|16|26|25|11|8,34.0,1.3674382172779906,1.2845021122318694,0.2707008253040895,0.29189270685479834
5,188,49,12,overlap,28,26–40,1.0,4,73,73,0,360.0,6,False,3269,375.0,1,1.044251688992773,-0.1536776689564414,False,0|20|23|24|18|19,0|27|29|30|15|17,24.0,1.4080282758962814,1.0226712281866008,0.24697471480726643,0.38444529763387053
5,404,1,35,overlap,33,26–40,1.0,2,73,73,0,360.0,6,False,3557,372.0,1,0.9713071128584994,0.154811704097279,False,0|16|23|6|13|9,0|19|28|18|11|6,25.0,1.6022645431299052,1.390614758775278,0.19450371950562184,0.26675843202634336
5,457,30,34,overlap,31,26–40,4.0,20,73,73,0,360.0,6,False,876,428.0,8,0.993306667623488,-0.3730399553533869,False,0|10|16|26|9|30,0|18|10|26|16|22,29.0,1.188792311378963,1.079336963267144,0.31957764634536895,0.3547098552632909
6,56,15,14,sensing,33,26–40,2.0,1,73,73,0,360.0,6,False,2956,400.0,17,0.9886364423136864,-0.4213030042080148,True,0|8|10|28|13|27,0|12|16|18|27|15,46.0,1.460657950193831,1.3376716429046205,0.253290163702121,0.2668836484250138
6,156,46,48,sensing,33,26–40,2.0,26,73,73,0,360.0,6,False,2278,388.0,20,1.022534576594922,-0.1312602851247171,True,0|9|25|7|18|28,0|14|20|8|25|18,28.0,1.5330182951712839,0.5657504152345729,0.21945102674452105,0.6102065051952876
6,239,22,17,sensing,23,11–25,1.0,11,73,73,0,360.0,6,False,2236,356.0,16,0.9886010107077476,0.2360552391976291,True,0|30|8|23|22|15,0|12|16|18|27|15,36.0,1.0828496704751118,1.0339914945584954,0.3717389949312709,0.36974397739120834
6,276,20,10,overlap,36,26–40,1.0,29,73,73,0,360.0,6,False,1396,362.0,2,1.0357964078370083,-0.001804371115915,False,0|30|8|23|22|15,0|14|20|8|25|18,49.0,1.8386043298222063,1.1376000277970755,0.16829418282937322,0.35836599534697433
6,368,2,19,overlap,28,26–40,1.0,17,73,73,0,360.0,6,False,2496,370.0,0,1.0089402022613172,-0.1078300410921223,False,0|11|26|22|16|8,0|8|17|28|24|20,38.0,1.3906510246392674,1.1489114440368022,0.2632563324166313,0.33533067255227567
7,49,45,24,overlap,25,11–25,2.0,20,73,73,0,360.0,6,False,2264,366.0,2,0.9673319754873428,0.1933969366130983,False,0|14|25|11|20|17,0|7|20|15|17|21,23.0,1.4751274054996926,1.2853511466059668,0.23891600200644286,0.2839865917304013
7,98,40,45,sensing,45,> 40,2.0,14,73,73,0,360.0,6,False,2363,363.0,19,0.9694801311196376,0.3494707914147655,True,0|20|11|23|17|21,0|25|10|30|18|20,15.0,1.3046636368440065,1.2633612616198473,0.2830774909935588,0.30581193684960317
7,198,36,38,overlap,23,11–25,2.0,15,73,73,0,360.0,6,False,1382,356.0,11,1.0258674618744568,0.5076372604601606,False,0|24|25|29|15|30,0|7|25|28|17|24,26.0,0.8305097089273278,0.7706108744459714,0.4534623145272817,0.4582991343379075
7,350,17,32,sensing,21,11–25,2.0,10,73,73,0,360.0,6,False,1509,353.0,16,1.036934723945932,0.3722136197255231,True,0|24|25|29|15|30,0|13|15|29|22|16,42.0,0.8511971550645084,0.7456481815462679,0.4375270046757608,0.472461828059341
7,395,1,32,overlap,33,26–40,3.0,27,73,73,0,360.0,6,False,3547,362.0,11,0.9816522473276716,0.0592888681516887,False,0|19|14|10|15|22,0|16|18|8|12|17,17.0,1.379650199643353,1.0742406394278097,0.26057101916180075,0.35747029364313315
7,476,13,21,sensing,39,26–40,2.0,26,73,73,0,360.0,6,False,2306,355.0,9,1.07831357319254,0.5753143917561556,True,0|28|10|29|15|13,0|13|15|29|22|16,30.0,2.2594937937092356,1.7000414616128434,0.11038771947810248,0.1885566340623044
8,21,9,20,sensing,21,11–25,2.0,12,73,73,0,360.0,6,False,1784,351.0,8,1.0698563433806552,0.086923249233164,True,0|30|14|27|22|10,0|6|23|16|28|11,51.0,1.001736806329003,0.826462351808093,0.3811838435151331,0.4718025952675023
8,99,13,29,overlap,31,26–40,1.0,24,73,73,0,360.0,6,False,2301,357.0,9,1.0246130556258997,0.3438182405734675,False,0|21|28|22|7|18,0|11|25|26|6|10,26.0,1.0922678390863623,1.024236887563282,0.3405521912491714,0.3741784668489098
8,257,1,5,overlap,37,26–40,1.0,21,73,73,0,360.0,6,False,2680,372.0,2,1.0138331924136994,-0.2476793258108069,False,0|8|21|30|7|22,0|11|14|30|28|17,36.0,1.8667426121033568,1.822661433971139,0.16458157911112847,0.1714485794297231
8,362,34,33,sensing,27,26–40,1.0,15,73,73,0,360.0,6,False,1132,352.0,18,0.9999556835945967,-0.0161119354364276,True,0|29|23|26|15|22,0|22|24|25|18|11,23.0,1.8981756040148896,1.7293575354804906,0.1562423698234561,0.18974862507509854
8,402,14,13,sensing,27,26–40,1.0,16,73,73,0,360.0,6,False,2369,388.0,20,0.9497182690921436,0.2244289277478203,True,0|8|21|30|7|22,0|11|25|26|6|10,24.0,1.7928773544008778,1.0771717353399306,0.17066177519261347,0.3514260030594902
8,410,11,28,sensing,21,11–25,2.0,15,73,73,0,360.0,6,False,2270,356.0,12,1.0278842509091617,0.8254554553711857,True,0|22|18|9|23|26,0|18|15|22|10|29,36.0,1.442227387973279,1.3350312016248944,0.2376866035209536,0.28123258634967463
8,491,20,34,overlap,41,> 40,1.0,13,73,73,0,360.0,6,False,2007,370.0,0,0.9805978398535268,-0.0390866360520211,False,0|6|23|16|28|11,0|6|26|13|28|22,17.0,2.126046012998556,1.68584744236623,0.1278045104999747,0.2024857165399073
9,13,14,12,overlap,19,11–25,1.0,2,73,73,0,360.0,6,False,3595,373.0,1,1.016849962910174,-0.1530621113409727,False,0|9|29|10|19|12,0|22|19|30|17|11,46.0,0.8868099694886384,0.7586822857766935,0.4258781848552268,0.47849878016631053
9,254,35,9,overlap,34,26–40,1.0,25,73,73,0,360.0,6,False,1359,356.0,14,0.9904996181680108,0.1118779655569222,False,0|18|30|6|21|25,0|23|24|19|14|15,41.0,1.1052576710311603,0.9549127779607671,0.33393899062759086,0.4015813709444578
9,258,48,22,sensing,38,26–40,1.0,33,73,73,0,360.0,6,False,651,410.0,20,0.999953715917109,-0.2689103637157528,True,0|13|8|22|7|14,0|20|8|23|15|14,16.0,1.5217475701399905,1.3593115540280447,0.23219058236055004,0.2708478349086635
9,280,22,33,overlap,22,11–25,1.0,13,73,73,0,360.0,6,False,2619,397.0,14,1.025272064027985,-0.3806485419638056,False,0|19|6|21|20|27,0|9|17|29|21|20,37.0,1.682344413464702,1.258487756248383,0.19377843650983909,0.2996618974353389
9,295,32,47,overlap,29,26–40,1.0,28,73,73,0,360.0,6,False,1191,354.0,13,1.0570627676608646,0.3427042823008344,False,0|30|15|21|25|10,0|20|18|27|24|23,33.0,1.712432184162415,1.4394301698901828,0.193496571555264,0.2570348528319808
9,323,37,30,sensing,30,26–40,1.0,15,73,73,0,360.0,6,False,1040,391.0,20,1.0583988230097838,0.0095042195437105,True,0|11|30|15|19|28,0|24|27|22|29|14,47.0,1.5955656902772066,0.7167486964816887,0.20736666593559633,0.49350346342891355
9,340,22,15,sensing,26,26–40,1.0,12,73,73,0,360.0,6,False,844,353.0,16,1.0352597474135652,-0.0189029093994002,True,0|30|15|21|25|10,0|24|27|22|29|14,27.0,1.822265342039441,1.3695981202600613,0.16800366394462446,0.26464058221799236
9,374,12,5,overlap,34,26–40,2.0,18,73,73,0,360.0,6,False,826,357.0,10,1.0254758346574335,0.090277032196765,False,0|25|23|10|24|6,0|14|23|22|18|20,43.0,1.938888782937616,1.0412626315125677,0.14818945834026215,0.38019464838840883
9,382,28,44,overlap,34,26–40,1.0,21,73,73,0,360.0,6,False,3308,362.0,8,1.02197726239385,-0.1391977051240094,False,0|18|30|6|21|25,0|22|26|17|19|23,23.0,2.1386234078294506,1.8589810586028337,0.11701933677053634,0.16027604764668293
10,96,40,48,sensing,34,26–40,1.0,18,73,73,0,360.0,6,False,3259,363.0,13,1.070858984515356,0.2760293359239175,True,0|22|30|6|14|18,0|14|28|25|15|23,35.0,1.1649071028363966,0.709651248304086,0.3078234065791914,0.5275483352819301
10,98,14,1,overlap,35,26–40,1.0,13,73,73,0,360.0,6,False,1257,360.0,5,0.9654332672351053,-0.1370494531642375,False,0|20|9|16|8|21,0|27|7|12|8|17,17.0,1.1229671127726601,1.1030625820844064,0.3441863603271203,0.34252725210677964
10,172,33,2,sensing,32,26–40,1.0,20,73,73,0,360.0,6,False,2285,364.0,6,0.9124678852021628,0.1097898603574756,True,0|24|22|8|25|14,0|18|17|19|15|21,39.0,1.6565491624690896,1.1728637497161893,0.18604005737121912,0.3366978243294066
10,183,16,44,overlap,33,26–40,1.0,11,73,73,0,360.0,6,False,2283,361.0,6,0.9752231957866064,-0.0281025541284105,False,0|19|30|6|28|23,0|15|20|18|16|14,47.0,1.6997871349379743,1.6158973450103085,0.18604990377321876,0.2088538569105803
10,198,18,43,overlap,38,26–40,1.0,14,73,73,0,360.0,6,False,651,368.0,4,1.0084967392087094,-0.1220093083982543,False,0|27|20|8|12|21,0|18|17|19|15|21,26.0,2.1246906254841416,1.896701609845249,0.11684653755867021,0.16033071834223522
10,213,6,44,overlap,28,26–40,1.0,27,73,73,0,360.0,6,False,1923,365.0,4,1.0126062937608993,0.3433790948765233,False,0|30|15|13|18|23,0|15|20|18|16|14,36.0,1.2759649437019833,1.2408617589551179,0.2829042240097726,0.30091834963512987
10,231,13,23,overlap,40,26–40,1.0,22,73,73,0,360.0,6,False,3157,355.0,14,1.0373087909916896,0.1286186625273194,False,0|30|8|13|19|9,0|14|18|7|27|12,43.0,2.362456035515544,1.187117058664901,0.09650339666651926,0.3431285470954834
10,239,5,45,sensing,35,26–40,3.0,25,73,73,0,360.0,6,False,1024,388.0,20,1.0135008852672187,-0.051700431005455,True,0|9|19|18|11|30,0|10|19|12|23|25,24.0,1.2358815231364735,1.1815925002197565,0.29829420210052165,0.3119588666051291
10,349,28,12,sensing,30,26–40,2.0,19,73,73,0,360.0,6,False,2915,387.0,20,1.0419423494339513,0.2355848348895046,True,0|17|27|26|8|23,0|29|30|21|11|19,27.0,1.3992457082606318,1.2076480035891644,0.2658122436398752,0.32035369689705545
10,366,27,17,sensing,28,26–40,1.0,10,73,73,0,360.0,6,False,3152,397.0,19,1.0108971288711772,-0.3603501906019294,True,0|16|17|20|6|26,0|15|20|18|16|14,28.0,1.181494483311872,0.7739315825244305,0.3269281292125056,0.48044253856533653
10,386,30,26,sensing,23,11–25,1.0,13,73,73,0,360.0,6,False,2914,393.0,20,0.9377584708014348,-0.2002321154082628,True,0|13|24|6|15|23,0|27|8|11|22|16,49.0,1.5236670693266088,1.5227744223447466,0.23779595517358829,0.22991623561313365
10,399,2,1,overlap,32,26–40,1.0,31,73,73,0,360.0,6,False,1728,367.0,1,0.9710180432675264,0.5921670439986488,False,0|16|25|6|21|8,0|7|14|23|13|22,59.0,2.642195297860005,2.014924850174785,0.07020432755065636,0.14378678610718867
10,446,6,34,overlap,35,26–40,1.0,2,73,73,0,360.0,6,False,3080,396.0,13,0.9948957782149468,-0.4375035220597884,False,0|19|30|6|28|23,0|14|18|7|27|12,30.0,1.810093884388455,0.9095335359568762,0.17491191727631486,0.4431974983202934
10,448,0,42,overlap,35,26–40,1.0,2,73,73,0,360.0,6,False,2937,355.0,0,1.035432110976275,-0.1025717417939364,False,0|16|17|27|14|15,0|15|20|18|16|14,16.0,1.0379216428413276,0.8243537478090337,0.36226946601927157,0.47643802493726223
10,471,33,30,overlap,41,> 40,1.0,33,73,73,0,360.0,6,False,1480,363.0,6,0.994886981026004,0.4730602042253589,False,0|24|22|8|25|14,0|16|30|15|24|21,31.0,1.6502623092239461,1.0969168680229582,0.19449459097432087,0.36152325594740675
11,61,32,44,sensing,31,26–40,2.0,30,73,73,0,360.0,6,False,1863,408.0,17,1.0169840758330786,-0.5355563375624892,True,0|28|6|16|24|30,0|16|17|13|10|29,41.0,2.0253471939842176,1.9852946564577727,0.14150162039798098,0.14827743249683986
11,104,6,36,overlap,26,26–40,1.0,22,73,73,0,360.0,6,False,1523,362.0,0,1.0136852572998385,0.4058526044767395,False,0|24|6|21|23|10,0|14|24|7|23|9,43.0,1.8842509686667823,1.19240456256968,0.1568689427901201,0.34703109691543443
11,146,43,13,sensing,30,26–40,1.0,14,73,73,0,360.0,6,False,2126,393.0,20,1.0191471739862532,0.225718796036842,True,0|8|29|18|9|21,0|11|28|22|19|18,21.0,1.7682406679981857,1.2071160482625267,0.1763954130290232,0.3292263863176913
11,265,22,6,sensing,34,26–40,3.0,34,73,73,0,360.0,6,False,3240,401.0,20,1.0150338650515216,-0.4241742889535741,True,0|10|26|9|17|15,0|14|24|7|23|9,20.0,1.1914877854917165,1.1142639977318605,0.32970732858832186,0.36386732971105923
11,323,14,45,overlap,24,11–25,1.0,14,73,73,0,360.0,6,False,3040,361.0,0,1.0334708569961542,0.1610386982446838,False,0|16|24|6|18|15,0|22|21|15|26|9,32.0,1.283782448352892,1.2650890542226283,0.2930941776647244,0.2947350046826422
11,353,48,0,sensing,32,26–40,2.0,26,73,73,0,360.0,6,False,2206,401.0,20,0.9861858229501242,-0.3886671043702864,True,0|29|30|7|28|17,0|11|24|12|13|26,53.0,1.6769147869441718,1.5137053460848224,0.2025619532856436,0.23711036250340778
11,395,13,17,overlap,24,11–25,1.0,23,73,73,0,360.0,6,False,1410,357.0,13,0.9892249012610282,0.1973119217303642,False,0|22|21|15|26|9,0|13|17|22|12|20,45.0,1.1418787724988035,0.7904911678459845,0.3219483487502559,0.4775090921513379
11,400,9,18,sensing,26,26–40,1.0,20,73,73,0,360.0,6,False,636,393.0,20,0.9815577755400728,0.4609769938942149,True,0|14|26|27|11|16,0|11|28|22|19|18,20.0,1.5630546505236147,1.272512285302817,0.22140549871558954,0.2984954676905758
11,409,9,48,sensing,28,26–40,2.0,15,73,73,0,360.0,6,False,2817,415.0,17,1.030417196637084,-0.6856543049273129,True,0|28|6|16|24|30,0|21|14|11|24|30,20.0,1.4194085487669894,1.1049790953904646,0.25071291007451435,0.3456570944620309
11,431,40,12,overlap,20,11–25,1.0,2,73,73,0,360.0,6,False,2266,418.0,12,1.0154302819269594,-0.5948512221689382,False,0|22|21|15|26|9,0|11|28|22|19|18,41.0,0.9508571378338776,0.9140617592025521,0.4153745760996905,0.4149414094983738
11,446,5,39,sensing,30,26–40,1.0,3,73,73,0,360.0,6,False,3158,388.0,19,0.9684996167077252,0.0292143311954803,True,0|21|14|11|24|30,0|23|11|15|25|17,23.0,1.1060496710027516,1.0939426119156785,0.3638186532692565,0.344959599894337
11,471,24,1,overlap,27,26–40,1.0,9,73,73,0,360.0,6,False,2630,369.0,5,1.0045467150526892,0.0763779643359802,False,0|10|26|9|17|15,0|14|24|7|23|9,20.0,1.2600571304945705,1.1617258013945677,0.29038564919103765,0.33080593169099376
12,45,23,13,overlap,30,26–40,1.0,14,73,73,0,360.0,6,False,2963,359.0,14,1.0146272191608672,0.6591354008146002,False,0|30|10|23|9|27,0|30|17|10|11|20,29.0,2.2368642759386432,1.2514656359380343,0.10698498978634825,0.30416926082129997
12,48,3,14,overlap,31,26–40,1.0,21,73,73,0,360.0,6,False,3491,354.0,4,0.9479477938082932,0.4791394699309199,False,0|23|28|29|11|16,0|10|25|28|18|16,24.0,1.2372212367123117,1.0218385369606962,0.29391944577427853,0.3755322722141128
12,90,38,4,overlap,34,26–40,1.0,24,73,73,0,360.0,6,False,2187,367.0,0,0.9931342043342178,-0.2098642745503054,False,0|30|10|23|9|27,0|21|24|11|17|20,50.0,1.687767614648503,1.3143638184879394,0.19577377167443558,0.28230789192273303
12,235,48,2,overlap,27,26–40,1.0,11,73,73,0,360.0,6,False,2664,379.0,0,0.9647797701244692,-0.0965890847285506,False,0|30|10|23|9|27,0|14|9|21|8|24,23.0,1.3119173803394812,0.6019343025254393,0.2732934529568791,0.5677514203688797
12,286,45,2,overlap,33,26–40,1.0,19,73,73,0,360.0,6,False,3229,361.0,8,1.0195044251163563,-0.2238192130105153,False,0|16|13|7|22|18,0|9|13|8|14|16,18.0,1.6688412440715044,1.4169600395034492,0.19798587717196975,0.25928080559691835
12,325,4,21,overlap,35,26–40,1.0,14,73,73,0,360.0,6,False,639,361.0,3,1.0058816377921147,0.5735287860313666,False,0|14|9|18|28|8,0|12|14|26|25|15,25.0,1.2641397916108459,1.1529561966848632,0.3059551180756774,0.3204794974842645
12,367,34,0,sensing,29,26–40,1.0,28,73,73,0,360.0,6,False,2963,357.0,19,1.0563005451221612,0.0479871667014225,True,0|11|30|18|29|17,0|10|25|28|18|16,28.0,1.5535962772449503,1.5334083918225978,0.2220180695719047,0.2312017548013145
12,459,47,45,overlap,23,11–25,2.0,4,73,73,0,360.0,6,False,1980,354.0,1,1.0502922127270462,0.3234678946502571,False,0|15|14|22|23|17,0|21|13|24|22|30,23.0,1.366909939568744,1.2882953304637204,0.257160864964178,0.28673428123851746
12,461,45,47,sensing,24,11–25,1.0,4,73,73,0,360.0,6,False,3314,383.0,15,1.0612107700991584,-0.1018245083805844,True,0|21|13|24|22|30,0|15|14|22|23|17,23.0,1.1411371657870322,0.8043825017118836,0.3301691908173096,0.4572110189673864
12,480,4,47,overlap,27,26–40,3.0,22,73,73,0,360.0,6,False,3229,358.0,9,0.995898951835649,0.584012235469355,False,0|14|13|23|9|24,0|15|14|22|23|17,24.0,1.5881223258091157,1.5200139955013514,0.2224295186756606,0.22696974938151432
12,497,46,45,sensing,31,26–40,1.0,30,73,73,0,360.0,6,False,867,390.0,17,1.0419061579066682,-0.3375210685520996,True,0|29|13|18|16|23,0|21|13|24|22|30,27.0,1.4034835669511319,1.103914577483503,0.259951928754302,0.3485315592896731
13,19,26,14,overlap,24,11–25,2.0,1,73,73,0,360.0,6,False,1758,364.0,0,0.9984744317031992,0.1297935878094897,False,0|12|17|19|6|16,0|11|15|17|16|9,22.0,0.8584763946386054,0.6669323282705033,0.4315297372194516,0.5315737118817714
13,29,17,35,overlap,32,26–40,1.0,32,73,73,0,360.0,6,False,1873,359.0,10,0.9809185394205736,-0.2356442066869644,False,0|30|20|6|29|7,0|11|30|15|12|13,61.0,1.3898098681772513,0.5778333608808716,0.2489301431804337,0.5869619290026734
13,33,6,14,overlap,32,26–40,2.0,22,73,73,0,360.0,6,False,3427,357.0,8,0.9953138790278804,0.3973346775063731,False,0|18|22|12|14|6,0|11|15|17|16|9,24.0,1.852729561133632,1.72230954697465,0.1653881613960872,0.18517816336862836
13,67,35,33,overlap,36,26–40,1.0,10,73,73,0,360.0,6,False,814,355.0,12,0.9909137739763954,0.5240111933307214,False,0|30|11|12|24|21,0|12|17|10|23|28,34.0,1.837657611339379,1.369526817399951,0.16445225256821447,0.27575655252863657
13,129,3,4,ingestion,17,11–25,1.0,6,73,67,6,360.0,6,False,2710,396.0,2,0.9730671788740318,-0.351441134816313,False,0|11|30|15|12|13,0|13|9|6|28|8,53.0,1.89662357512458,1.8109188954818083,0.1544994557349894,0.1734529668405637
13,150,28,13,sensing,31,26–40,1.0,11,73,73,0,360.0,6,False,2806,395.0,20,0.9913970500702406,-0.0153037858143403,True,0|27|12|29|16|18,0|24|15|26|7|22,22.0,1.9468261567157361,1.7012561187944535,0.15143398425107807,0.19401140186301205
13,154,5,4,sensing,36,26–40,2.0,35,73,73,0,360.0,6,False,1557,391.0,18,0.9928144710647996,0.6245056855516512,True,0|16|6|7|18|8,0|13|9|6|28|8,17.0,1.2740853571363655,1.1902879926927072,0.30672067435955447,0.3333731131085963
13,236,43,35,overlap,30,26–40,1.0,10,73,73,0,360.0,6,False,1600,372.0,2,1.0354399260007576,-0.0588372461028702,False,0|7|25|8|29|10,0|7|23|28|19|16,38.0,2.1169635721660423,1.8792875714508301,0.12280613054349193,0.15927208431320553
13,276,21,16,overlap,26,26–40,1.0,9,73,73,0,360.0,6,False,1196,365.0,6,1.016848240324305,0.058444314199234,False,0|15|7|23|17|19,0|9|14|11|20|15,32.0,0.8888943690548831,0.8673112569892499,0.44105855274426436,0.44238772565682943
13,301,1,30,sensing,29,26–40,1.0,27,73,73,0,360.0,6,False,2723,352.0,17,1.0100504133326778,0.5542753281900824,True,0|30|20|6|29|7,0|30|22|20|10|19,47.0,2.205735616954064,1.7055588811200866,0.11181157661187692,0.1994636949356102
13,357,39,32,sensing,26,26–40,1.0,23,73,73,0,360.0,6,False,2821,355.0,17,1.007140861558092,0.3887284099400168,True,0|19|8|21|29|27,0|9|14|11|20|15,47.0,1.0420460121535136,0.9330946250062128,0.37055208382924915,0.43983044698361345
13,470,30,16,overlap,22,11–25,1.0,6,73,73,0,360.0,6,False,1451,360.0,9,0.9558853416613944,-0.2540245717570159,False,0|30|11|12|24|21,0|9|14|11|20|15,35.0,1.261280298965581,1.1179331661416054,0.3034593468033264,0.3574898445401451
14,85,40,46,overlap,35,26–40,2.0,14,73,73,0,360.0,6,False,2981,359.0,12,1.005955164927433,-0.0580665923919462,False,0|29|9|8|12|24,0|30|26|9|8|16,31.0,1.4651646456153544,0.9218552807118149,0.2290199087598682,0.3957356440127171
14,101,47,12,overlap,30,26–40,1.0,11,73,73,0,360.0,6,False,3534,365.0,2,0.9779991595291976,-0.200598847623285,False,0|27|12|15|6|28,0|15|25|12|7|19,38.0,0.9911648928325372,0.706598937340939,0.38255516087637564,0.5067858745112533
14,151,33,32,overlap,40,26–40,1.0,16,73,73,0,360.0,6,False,1417,364.0,4,1.010913307168812,0.0038390828739253,False,0|29|13|6|28|9,0|16|24|12|23|19,45.0,2.7476748168110565,1.0165620649965368,0.05846465533469663,0.39009483495272346
14,305,1,23,sensing,31,26–40,2.0,27,73,73,0,360.0,6,False,1208,352.0,17,1.035944971779526,0.2251699793658253,True,0|15|25|12|7|19,0|18|25|26|7|13,23.0,1.1173374294098424,1.0630392349705071,0.33962835915348694,0.3701015790052039
14,317,0,34,overlap,40,26–40,2.0,21,73,73,0,360.0,6,False,3035,400.0,4,1.0176694296912354,-0.4676719532359701,False,0|8|22|21|30|15,0|10|21|20|25|24,18.0,1.755850515467175,1.578518303249804,0.18064180783433817,0.21362347379666133
14,336,15,3,overlap,35,26–40,1.0,28,73,73,0,360.0,6,False,2561,397.0,3,0.9828630754275026,-0.5073705319116953,False,0|18|24|12|19|30,0|16|24|12|23|19,17.0,1.2080491550749048,1.1354946409580553,0.31304193795622626,0.3335221574412228
14,338,1,25,overlap,36,26–40,1.0,21,73,73,0,360.0,6,False,3582,364.0,10,1.0261506926930073,-0.1485489931118042,False,0|26|17|7|27|19,0|30|20|17|15|24,34.0,1.649641094582449,0.6750103767617728,0.18626978394237031,0.5450772690970883
14,351,26,33,sensing,35,26–40,1.0,22,73,73,0,360.0,6,False,1653,355.0,15,1.0147276629694433,0.212871616527078,True,0|26|6|16|29|23,0|12|15|14|20|30,41.0,1.687799666615252,1.2890599271873198,0.1942381503869777,0.28280034397571585
14,378,21,43,overlap,27,26–40,2.0,7,73,73,0,360.0,6,False,1639,394.0,14,0.9653022390388364,0.1023662508180421,False,0|6|21|11|10|25,0|9|16|7|14|6,35.0,1.6087353764329737,1.5426613358794612,0.21374727506736407,0.22613297526411205
14,400,46,7,overlap,26,26–40,1.0,20,73,73,0,360.0,6,False,2814,381.0,3,1.0311854039406911,-0.3210840258008965,False,0|19|21|27|7|28,0|10|25|28|11|27,19.0,0.9512591316788771,0.875504942832843,0.39898341908455676,0.42777447960320164
14,464,45,6,overlap,19,11–25,1.0,12,73,73,0,360.0,6,False,734,359.0,7,1.0036974817791036,0.0050480453062241,False,0|30|26|9|8|16,0|15|25|12|7|19,23.0,1.352335709985234,1.3058396386883433,0.25754108564438694,0.2718520871837947
14,471,23,24,overlap,22,11–25,1.0,10,73,73,0,360.0,6,False,1169,352.0,13,1.0013270155470029,0.3549238166824825,False,0|30|26|9|8|16,0|18|25|26|7|13,34.0,1.2004446604794539,0.8590623966361927,0.3014805574298911,0.45378385939118665
15,159,16,42,sensing,28,26–40,2.0,14,73,73,0,360.0,6,False,2327,397.0,17,1.0316126295118142,-0.3820938046125296,True,0|29|9|16|21|30,0|19|14|21|18|22,31.0,1.7648912008283846,1.5763425267513902,0.18673959838901508,0.21758735094988427
15,223,45,10,sensing,32,26–40,1.0,10,73,73,0,360.0,6,False,3301,390.0,17,0.968388491182596,0.4547985033229019,True,0|8|27|23|10|30,0|9|28|19|17|16,27.0,1.5435731105531112,0.6292139088570882,0.22068447731749544,0.5410704456084453
15,324,22,27,overlap,28,26–40,1.0,22,73,73,0,360.0,6,False,2729,359.0,1,1.0335847398144855,0.170929385807582,False,0|18|16|15|25|7,0|8|18|12|23|14,24.0,1.9506505953864344,1.7850867831446509,0.14753266018462766,0.17884465517484616
15,452,19,43,overlap,30,26–40,1.0,30,73,73,0,360.0,6,False,661,353.0,13,0.9575948303722858,0.1778450327936849,False,0|28|12|19|13|9,0|13|22|20|14|9,27.0,1.2125585028509833,0.9355888360930159,0.309083903386225,0.40837263511852817
16,29,29,33,overlap,27,26–40,2.0,13,73,73,0,360.0,6,False,2367,408.0,8,0.958666906687067,-0.4671184065127769,False,0|25|27|12|10|29,0|27|19|8|18|29,22.0,0.7500432870107012,0.7376022053938825,0.48870520274285767,0.47670455441198833
16,75,27,26,overlap,29,26–40,1.0,27,73,73,0,360.0,6,False,1354,391.0,12,0.9845114328900691,-0.3356489684212662,False,0|13|30|19|6|18,0|15|27|17|13|9,23.0,1.3837061844121987,1.0799384369941423,0.26427641847892747,0.35998946199070775
16,219,34,22,overlap,29,26–40,1.0,24,73,73,0,360.0,6,False,1505,363.0,7,1.0423986555808624,0.1498152127038659,False,0|25|29|12|6|17,0|11|27|29|16|7,53.0,1.9920453977208041,1.556506083866128,0.13571784451571692,0.2337921399690135
16,233,26,4,sensing,26,26–40,1.0,18,73,73,0,360.0,6,False,1586,353.0,15,1.0052054542238795,0.2406241059520937,True,0|30|20|23|15|27,0|14|29|28|18|24,36.0,1.3279392857562096,0.9040482096009318,0.27135258853632843,0.42025518492133696
16,326,24,39,overlap,27,26–40,1.0,11,73,73,0,360.0,6,False,1031,364.0,0,0.9890871062341036,-0.1037644521401688,False,0|19|21|23|9|11,0|6|28|24|25|11,37.0,1.7539620054518954,1.63326270594886,0.18216876965840137,0.20269408308236603
16,342,42,40,overlap,23,11–25,1.0,21,73,73,0,360.0,6,False,1011,359.0,5,1.0495704542559954,0.2514128866174353,False,0|13|30|19|6|18,0|11|25|26|15|27,32.0,1.2063402228741367,1.139617523561724,0.32061029473575964,0.3419301779054542
16,469,45,35,overlap,30,26–40,1.0,19,73,73,0,360.0,6,False,3313,362.0,13,0.9803560653998034,-0.0611465878480057,False,0|25|29|12|6|17,0|11|27|29|16|7,53.0,1.4700162908308212,0.9871892102842611,0.23505252279628255,0.4203088355392525
17,25,7,34,sensing,33,26–40,2.0,29,73,73,0,360.0,6,False,3310,364.0,17,0.9710916799450252,-0.0749270506937048,True,0|30|25|6|8|27,0|17|30|8|9|18,30.0,1.0490894465446716,0.774700221591135,0.35544939594546426,0.4850649970594543
17,200,36,16,overlap,26,26–40,1.0,6,73,73,0,360.0,6,False,2155,357.0,13,1.037690793647683,0.2151897581836336,False,0|26|10|22|6|12,0|10|25|11|22|8,62.0,2.0170320278617955,0.8870685661875884,0.13496294116655363,0.4667749470350897
17,201,20,18,overlap,27,26–40,1.0,22,73,73,0,360.0,6,False,1965,356.0,14,0.9661998531963568,-0.0474270962673854,False,0|30|25|6|8|27,0|15|24|12|8|9,40.0,1.3334052131461498,1.2602095720304007,0.2696933400100334,0.29106560307721
17,211,7,37,sensing,18,11–25,1.0,15,73,73,0,360.0,6,False,3123,391.0,20,1.0433167950177415,-0.029059596109596,True,0|24|7|19|17|16,0|15|10|20|24|17,21.0,1.0012833522412972,0.961349228496087,0.37949518137249677,0.40380274586113507
17,251,16,41,overlap,33,26–40,1.0,8,73,73,0,360.0,6,False,2634,362.0,9,1.0412755671924323,0.455399847683308,False,0|26|23|28|6|27,0|26|27|22|18|12,37.0,1.464829190665435,0.9322474951006479,0.24705379436074287,0.43081141026945374
17,482,4,41,overlap,26,26–40,1.0,19,73,73,0,360.0,6,False,3233,362.0,1,1.0313059885348328,0.3399765217274993,False,0|25|12|11|17|8,0|9|21|14|19|25,47.0,1.2451189454804275,1.0830951837897735,0.30453076368591064,0.36840550438564057
18,74,46,30,overlap,32,26–40,1.0,25,73,73,0,360.0,6,False,818,380.0,2,0.9933431912569546,0.1023752494762239,False,0|26|11|12|13|14,0|17|11|14|9|15,16.0,1.2484985066000984,0.7804209455059979,0.2859275866285571,0.4809389547085527
18,87,34,25,sensing,40,26–40,2.0,30,73,73,0,360.0,6,False,670,362.0,0,1.0816298975281629,-0.0564366014620122,True,0|26|14|11|23|17,0|9|24|8|15|22,43.0,1.3511505747037247,1.1805750498065752,0.27464782999002374,0.32052429329334925
18,125,41,43,overlap,34,26–40,2.0,11,73,73,0,360.0,6,False,2729,353.0,12,1.0258967096099767,0.4670247836504279,False,0|15|14|21|10|29,0|19|14|21|10|20,13.0,1.6554681784163348,1.4748272484488139,0.1990302195856654,0.23950179278213876
18,252,39,11,sensing,35,26–40,1.0,17,73,73,0,360.0,6,False,934,393.0,17,1.0194432296708678,-0.1392122308125264,True,0|25|26|18|22|7,0|27|24|23|15|7,16.0,1.805741833605622,1.629551451991273,0.17693296049591556,0.20595254274080588
18,278,8,49,overlap,19,11–25,1.0,18,73,73,0,360.0,6,False,2964,368.0,2,0.9776604306980696,0.5983130177368469,False,0|12|29|18|8|6,0|12|23|28|26|9,37.0,1.090083388786621,0.994713770183645,0.3468935498635651,0.4012239591150807
18,323,7,14,overlap,22,11–25,1.0,22,73,73,0,360.0,6,False,2022,362.0,9,0.9981582477275712,-0.0944621377359816,False,0|14|28|6|9|12,0|18|14|27|22|6,58.0,1.514302764967694,1.3545171378521217,0.2164031977933962,0.27041224111930273
18,362,26,31,sensing,34,26–40,2.0,22,73,73,0,360.0,6,False,2643,358.0,20,0.9955601545996552,-0.2748087895991209,True,0|20|22|11|6|30,0|13|25|15|9|21,26.0,1.1979471348873587,0.7994106420458579,0.3086577363097809,0.47601631362285307
18,384,7,46,sensing,37,26–40,3.0,1,73,73,0,360.0,6,False,2132,395.0,18,1.0166289065128284,-0.3341013161973356,True,0|11|14|23|17|29,0|18|17|24|25|11,37.0,1.4270307534583158,0.9073987109953066,0.2507330056907292,0.4224545898021772
19,60,38,12,sensing,28,26–40,2.0,1,73,73,0,360.0,6,False,651,366.0,20,1.0652835748303415,0.5507030713575605,True,0|16|28|26|6|15,0|30|29|24|6|18,20.0,1.7318729441116023,1.694662984382905,0.18622886106250414,0.19129054930565997
19,111,7,45,overlap,30,26–40,2.0,1,73,73,0,360.0,6,False,2224,391.0,12,0.9883782418235052,-0.0919000777530153,False,0|14|28|9|19|16,0|16|14|12|19|15,20.0,1.4161951128329886,0.9925651374355927,0.25120084706892204,0.3995644401280143
19,173,37,33,overlap,27,26–40,1.0,14,73,73,0,360.0,6,False,1453,351.0,11,1.0046920768585907,0.4788311476683304,False,0|29|17|13|6|25,0|8|27|19|15|16,55.0,1.4488654805446028,1.2831972035518713,0.24249449208060314,0.29653180426763887
19,240,14,27,overlap,40,26–40,1.0,10,73,73,0,360.0,6,False,1928,360.0,8,0.9908584496871492,0.2095367518810232,False,0|28|11|23|7|12,0|19|16|23|15|11,23.0,1.8741736914446272,1.677269164512127,0.16768484035810657,0.19515863937331
19,265,22,30,overlap,32,26–40,4.0,16,73,73,0,360.0,6,False,1240,418.0,14,0.978852425427538,-0.3699048567831101,False,0|29|17|13|6|25,0|17|23|14|13|29,30.0,1.378498906181853,0.9041255857464968,0.2595536341209092,0.4411518670849591
19,299,24,30,sensing,30,26–40,1.0,27,73,73,0,360.0,6,False,2239,356.0,18,1.0106940543456078,0.3752586715078953,True,0|14|26|6|29|27,0|17|23|14|13|29,32.0,1.8936683841332795,1.5441230794990413,0.14973286186568313,0.23237833605881744
19,399,18,24,ingestion,35,26–40,1.0,13,73,67,6,360.0,6,False,2375,384.0,17,1.016482019683325,0.571353078701697,True,0|18|26|15|10|12,0|10|26|23|8|28,34.0,1.8732982454621872,1.7028971038606169,0.16346336844092113,0.1970286645925853
19,427,6,10,overlap,38,26–40,2.0,1,73,73,0,360.0,6,False,3297,358.0,13,1.0595665782041692,-0.0653116202866086,False,0|30|28|12|29|25,0|26|28|18|29|12,23.0,1.624130155169418,1.5911961525301428,0.2028841449234855,0.21723036993635916
19,432,46,1,overlap,37,26–40,1.0,19,73,73,0,360.0,6,False,697,370.0,4,1.0462707752494935,0.4874257945331124,False,0|14|28|9|19|16,0|10|26|23|8|28,43.0,2.252823798317312,2.0311148910697154,0.10649141143003696,0.14113312851762466
20,73,1,4,sensing,27,26–40,2.0,1,73,73,0,360.0,6,False,1409,386.0,19,1.028032287982518,-0.168531316510107,True,0|12|29|6|20|27,0|29|20|9|22|15,43.0,1.6119760334364797,1.0095228207960596,0.20732141421768846,0.3791497819344975
20,82,29,4,overlap,24,11–25,1.0,13,73,73,0,360.0,6,False,2663,355.0,11,1.0123254004443103,0.5290453133394485,False,0|19|15|10|26|6,0|29|20|9|22|15,29.0,1.4661180324959036,1.2806022560206152,0.2444678584275942,0.2900098620572739
20,107,20,33,sensing,25,11–25,1.0,22,73,73,0,360.0,6,False,1452,390.0,20,1.0287624311623544,0.3900193438141277,True,0|21|22|25|14|29,0|21|29|23|30|14,40.0,1.4160364789043987,1.3880267099214023,0.25900787002668885,0.2659366203094159
20,210,39,41,sensing,29,26–40,1.0,9,73,73,0,360.0,6,False,1935,357.0,19,0.9948332885414533,0.2507022013116844,True,0|19|30|6|25|10,0|29|20|9|22|15,31.0,1.2559146673912664,0.7974377121771035,0.2756086554345983,0.4914106388768182
20,245,45,33,overlap,28,26–40,1.0,10,73,73,0,360.0,6,False,1148,361.0,6,1.0225185174285536,-0.2224390313708109,False,0|29|7|28|6|12,0|9|23|11|13|8,64.0,1.6448444948743393,1.2194074657078289,0.20776664889619503,0.32142967369920095
20,247,2,42,sensing,31,26–40,1.0,13,73,73,0,360.0,6,False,1053,355.0,15,0.9931762923251232,-0.1774231882051416,True,0|19|29|27|6|26,0|9|27|26|16|19,30.0,1.0799924618487688,0.542728735650415,0.3539254547686758,0.5782597507100555
20,372,17,7,sensing,21,11–25,1.0,6,73,73,0,360.0,6,False,1044,419.0,11,1.071584443377655,-0.4692692387590012,True,0|29|7|28|6|12,0|16|19|8|18|11,58.0,2.3096668473963726,0.7035034235930073,0.09467780467710868,0.49083306487755735
20,376,26,3,overlap,25,11–25,1.0,16,73,73,0,360.0,6,False,1108,397.0,13,0.9800252171303936,-0.2655855084414104,False,0|9|23|11|13|8,0|26|18|14|15|6,29.0,1.48864105577766,1.4333950189417985,0.23968145179194653,0.2506679444777282
20,415,16,25,sensing,33,26–40,1.0,2,73,73,0,360.0,6,False,1122,382.0,20,1.0257735306347595,0.2731942369010706,True,0|7|8|18|14|25,0|7|11|19|24|17,22.0,1.2621469727105379,1.1803042903692038,0.30300380532413396,0.33170360256659764
20,419,38,11,sensing,35,26–40,1.0,28,73,73,0,360.0,6,False,1265,351.0,16,0.991587824002063,0.3452740938828401,True,0|23|24|13|6|17,0|13|28|22|8|9,33.0,1.7047331677561424,1.6099693370909571,0.1883257948622518,0.21161586339609842
20,441,49,0,overlap,26,26–40,1.0,2,73,73,0,360.0,6,False,2739,368.0,0,1.0117063633658423,-0.3137729119153349,False,0|23|11|30|7|28,0|21|16|29|14|18,25.0,1.4834162748971584,1.0100805607349008,0.24824533445563263,0.37681448306668625
20,481,24,6,overlap,23,11–25,1.0,19,73,73,0,360.0,6,False,811,432.0,2,1.0224603298783543,-0.4013040215324432,False,0|29|7|28|6|12,0|7|20|10|30|14,79.0,2.050071736163822,1.0601586356655286,0.11975702501743082,0.3799631787010294
