cell,setpoint_lo_a,setpoint_hi_a,realised_l1_mean_a,realised_l1_min_mean_a,realised_l1_min_min_a,internal_gap_min_a,consec_step_min_a,algorithm_id,runs,accuracy_mean,accuracy_ci95,delta_vs_canonical_mean,delta_vs_canonical_ci95,run_id
B30,6,30,41.874,7.95,4,1,1,single_only,20,0.9732,0.003272,0.0,0.0,20260907_111056_515561 (canonical)
B30,6,30,41.874,7.95,4,1,1,nomura_original_interval_hungarian,20,0.9993,0.000429,0.0,0.0,20260907_111056_515561 (canonical)
B30,6,30,41.874,7.95,4,1,1,bayesian_windowed,20,0.9838,0.003035,0.0,0.0,20260907_111056_515561 (canonical)
B20,6,20,24.911,4.45,3,1,1,single_only,20,0.9675,0.003399,-0.0057,0.004912,20260909_112529_182170
B20,6,20,24.911,4.45,3,1,1,nomura_original_interval_hungarian,20,0.9962,0.001134,-0.0031,0.001287,20260909_112529_182170
B20,6,20,24.911,4.45,3,1,1,bayesian_windowed,20,0.9738,0.003315,-0.01,0.004469,20260909_112529_182170
B16,8,16,14.741,1.65,1,1,1,single_only,20,0.9364,0.004402,-0.0368,0.005308,20260909_142401_231979
B16,8,16,14.741,1.65,1,1,1,nomura_original_interval_hungarian,20,0.9809,0.001939,-0.0184,0.002023,20260909_142401_231979
B16,8,16,14.741,1.65,1,1,1,bayesian_windowed,20,0.9484,0.004564,-0.0354,0.004927,20260909_142401_231979
B12,8,12,8.062,2.0,2,1,1,single_only,20,0.8811,0.004987,-0.0921,0.006569,20260909_164615_270394
B12,8,12,8.062,2.0,2,1,1,nomura_original_interval_hungarian,20,0.9231,0.003799,-0.0762,0.003825,20260909_164615_270394
B12,8,12,8.062,2.0,2,1,1,bayesian_windowed,20,0.8952,0.005278,-0.0886,0.00585,20260909_164615_270394
