axis,cell,x_value,matched_dmax,matcher_delay_max_s,ev_ingest_loss_prob,ev_ingest_delay_mean_s,ev_ingest_delay_max_s,sensing_multiplier,algorithm_id,runs,accuracy_mean,accuracy_ci95,accuracy_requested_mean,p90_latency_mean,p90_latency_ci95,run_id
loss,default,0.005,False,10.0,0.005,2.0,10.0,1.0,time_only_baseline,20,0.7121,0.010894,0.7121,416.035,2.538,20260910_091432_644397
delay,default,2.0,False,10.0,0.005,2.0,10.0,1.0,time_only_baseline,20,0.7121,0.010894,0.7121,416.035,2.538,20260910_091432_644397
noise,default,1.0,False,10.0,0.005,2.0,10.0,1.0,time_only_baseline,20,0.7121,0.010894,0.7121,416.035,2.538,20260910_091432_644397
loss,default,0.005,False,10.0,0.005,2.0,10.0,1.0,single_only,20,0.9732,0.003272,0.9732,416.035,2.538,20260910_091432_644397
delay,default,2.0,False,10.0,0.005,2.0,10.0,1.0,single_only,20,0.9732,0.003272,0.9732,416.035,2.538,20260910_091432_644397
noise,default,1.0,False,10.0,0.005,2.0,10.0,1.0,single_only,20,0.9732,0.003272,0.9732,416.035,2.538,20260910_091432_644397
loss,default,0.005,False,10.0,0.005,2.0,10.0,1.0,nomura_original_interval_hungarian,20,0.9993,0.000429,0.9993,416.035,2.538,20260910_091432_644397
delay,default,2.0,False,10.0,0.005,2.0,10.0,1.0,nomura_original_interval_hungarian,20,0.9993,0.000429,0.9993,416.035,2.538,20260910_091432_644397
noise,default,1.0,False,10.0,0.005,2.0,10.0,1.0,nomura_original_interval_hungarian,20,0.9993,0.000429,0.9993,416.035,2.538,20260910_091432_644397
loss,default,0.005,False,10.0,0.005,2.0,10.0,1.0,bayesian_windowed,20,0.9838,0.003035,0.9838,416.035,2.538,20260910_091432_644397
delay,default,2.0,False,10.0,0.005,2.0,10.0,1.0,bayesian_windowed,20,0.9838,0.003035,0.9838,416.035,2.538,20260910_091432_644397
noise,default,1.0,False,10.0,0.005,2.0,10.0,1.0,bayesian_windowed,20,0.9838,0.003035,0.9838,416.035,2.538,20260910_091432_644397
loss,loss_0.05,0.05,False,10.0,0.05,2.0,10.0,1.0,time_only_baseline,20,0.7121,0.010894,0.7121,416.035,2.538,20260907_111056_514449
loss,loss_0.05,0.05,False,10.0,0.05,2.0,10.0,1.0,single_only,20,0.9592,0.004446,0.9592,416.035,2.538,20260907_111056_514449
loss,loss_0.05,0.05,False,10.0,0.05,2.0,10.0,1.0,nomura_original_interval_hungarian,20,0.9909,0.00206,0.9909,416.035,2.538,20260907_111056_514449
loss,loss_0.05,0.05,False,10.0,0.05,2.0,10.0,1.0,bayesian_windowed,20,0.9679,0.003986,0.9679,416.035,2.538,20260907_111056_514449
loss,loss_0.15,0.15,False,10.0,0.15,2.0,10.0,1.0,time_only_baseline,20,0.7121,0.010894,0.7121,416.035,2.538,20260907_132904_132323
loss,loss_0.15,0.15,False,10.0,0.15,2.0,10.0,1.0,single_only,20,0.9137,0.005215,0.9137,416.035,2.538,20260907_132904_132323
loss,loss_0.15,0.15,False,10.0,0.15,2.0,10.0,1.0,nomura_original_interval_hungarian,20,0.9632,0.004804,0.9632,416.035,2.538,20260907_132904_132323
loss,loss_0.15,0.15,False,10.0,0.15,2.0,10.0,1.0,bayesian_windowed,20,0.9225,0.00582,0.9225,416.035,2.538,20260907_132904_132323
loss,loss_0.30,0.3,False,10.0,0.3,2.0,10.0,1.0,time_only_baseline,20,0.7121,0.010894,0.7121,416.035,2.538,20260907_153237_104004
loss,loss_0.30,0.3,False,10.0,0.3,2.0,10.0,1.0,single_only,20,0.8072,0.010931,0.8072,416.035,2.538,20260907_153237_104004
loss,loss_0.30,0.3,False,10.0,0.3,2.0,10.0,1.0,nomura_original_interval_hungarian,20,0.8754,0.009661,0.8754,416.035,2.538,20260907_153237_104004
loss,loss_0.30,0.3,False,10.0,0.3,2.0,10.0,1.0,bayesian_windowed,20,0.8136,0.010145,0.8136,416.035,2.538,20260907_153237_104004
delay,delay_5_2.5_15,5.0,False,10.0,0.005,5.0,15.0,1.0,time_only_baseline,20,0.7121,0.010894,0.7121,416.035,2.538,20260907_111056_518615
delay,delay_5_2.5_15,5.0,False,10.0,0.005,5.0,15.0,1.0,single_only,20,0.9732,0.003272,0.9732,416.035,2.538,20260907_111056_518615
delay,delay_5_2.5_15,5.0,False,10.0,0.005,5.0,15.0,1.0,nomura_original_interval_hungarian,20,0.9993,0.000429,0.9993,416.035,2.538,20260907_111056_518615
delay,delay_5_2.5_15,5.0,False,10.0,0.005,5.0,15.0,1.0,bayesian_windowed,20,0.9838,0.003035,0.9838,416.035,2.538,20260907_111056_518615
delay,delay_10_5_30,10.0,False,10.0,0.005,10.0,30.0,1.0,time_only_baseline,20,0.7121,0.010894,0.7121,416.035,2.538,20260907_132912_115378
delay,delay_10_5_30,10.0,False,10.0,0.005,10.0,30.0,1.0,single_only,20,0.974,0.003353,0.974,416.035,2.538,20260907_132912_115378
delay,delay_10_5_30,10.0,False,10.0,0.005,10.0,30.0,1.0,nomura_original_interval_hungarian,20,0.9964,0.001494,0.9964,416.035,2.538,20260907_132912_115378
delay,delay_10_5_30,10.0,False,10.0,0.005,10.0,30.0,1.0,bayesian_windowed,20,0.9844,0.002737,0.9844,416.035,2.538,20260907_132912_115378
delay,delay_20_10_60,20.0,False,10.0,0.005,20.0,60.0,1.0,time_only_baseline,20,0.7121,0.010894,0.7121,416.035,2.538,20260907_153251_486330
delay,delay_20_10_60,20.0,False,10.0,0.005,20.0,60.0,1.0,single_only,20,0.9744,0.003324,0.9744,416.035,2.538,20260907_153251_486330
delay,delay_20_10_60,20.0,False,10.0,0.005,20.0,60.0,1.0,nomura_original_interval_hungarian,20,0.9924,0.00225,0.9924,416.035,2.538,20260907_153251_486330
delay,delay_20_10_60,20.0,False,10.0,0.005,20.0,60.0,1.0,bayesian_windowed,20,0.985,0.002536,0.985,416.035,2.538,20260907_153251_486330
delay,delay_20_10_60_dmax60,20.0,True,60.0,0.005,20.0,60.0,1.0,time_only_baseline,20,0.7125,0.010495,0.7125,465.98,2.502,20260907_174315_064624
delay,delay_20_10_60_dmax60,20.0,True,60.0,0.005,20.0,60.0,1.0,single_only,20,0.9733,0.003271,0.9733,465.98,2.502,20260907_174315_064624
delay,delay_20_10_60_dmax60,20.0,True,60.0,0.005,20.0,60.0,1.0,nomura_original_interval_hungarian,20,0.9992,0.000441,0.9992,465.98,2.502,20260907_174315_064624
delay,delay_20_10_60_dmax60,20.0,True,60.0,0.005,20.0,60.0,1.0,bayesian_windowed,20,0.9838,0.003008,0.9838,465.98,2.502,20260907_174315_064624
noise,noise_x2,2.0,False,10.0,0.005,2.0,10.0,2.0,time_only_baseline,20,0.7118,0.010888,0.7118,416.435,2.619,20260908_170955_253038
noise,noise_x2,2.0,False,10.0,0.005,2.0,10.0,2.0,single_only,20,0.9668,0.003613,0.9668,416.435,2.619,20260908_170955_253038
noise,noise_x2,2.0,False,10.0,0.005,2.0,10.0,2.0,nomura_original_interval_hungarian,20,0.9953,0.001372,0.9953,416.435,2.619,20260908_170955_253038
noise,noise_x2,2.0,False,10.0,0.005,2.0,10.0,2.0,bayesian_windowed,20,0.9768,0.003883,0.9768,416.435,2.619,20260908_170955_253038
noise,noise_x4,4.0,False,10.0,0.005,2.0,10.0,4.0,time_only_baseline,20,0.7112,0.010786,0.7112,417.225,2.643,20260908_194258_023727
noise,noise_x4,4.0,False,10.0,0.005,2.0,10.0,4.0,single_only,20,0.9408,0.003862,0.9408,417.225,2.643,20260908_194258_023727
noise,noise_x4,4.0,False,10.0,0.005,2.0,10.0,4.0,nomura_original_interval_hungarian,20,0.9752,0.003247,0.9752,417.225,2.643,20260908_194258_023727
noise,noise_x4,4.0,False,10.0,0.005,2.0,10.0,4.0,bayesian_windowed,20,0.9514,0.0039,0.9514,417.225,2.643,20260908_194258_023727
noise,noise_x8,8.0,False,10.0,0.005,2.0,10.0,8.0,time_only_baseline,20,0.71,0.010383,0.71,418.475,2.877,20260908_214145_238517
noise,noise_x8,8.0,False,10.0,0.005,2.0,10.0,8.0,single_only,20,0.8685,0.006783,0.8685,418.475,2.877,20260908_214145_238517
noise,noise_x8,8.0,False,10.0,0.005,2.0,10.0,8.0,nomura_original_interval_hungarian,20,0.9206,0.007251,0.9206,418.475,2.877,20260908_214145_238517
noise,noise_x8,8.0,False,10.0,0.005,2.0,10.0,8.0,bayesian_windowed,20,0.8708,0.007015,0.8708,418.475,2.877,20260908_214145_238517
