repeat_idx,sessions,p90_latency_trace_s,p90_latency_raw_s,p90_match,truncated_share,start_offset_s_mean,start_offset_s_p90,start_offset_s_min,start_offset_s_max,window_s_mean,window_s_p90,window_s_min,window_s_max,watermark_s_mean,watermark_s_p90,watermark_s_min,watermark_s_max,tick_residual_s_mean,tick_residual_s_p90,tick_residual_s_min,tick_residual_s_max,decision_latency_s_mean,decision_latency_s_p90,decision_latency_s_min,decision_latency_s_max
1,500,422.0,422.0,True,0.0,11.77,51.0,-20.0,82.0,360.0,360.0,360.0,360.0,10.0,10.0,10.0,10.0,1.854,4.0,0.0,4.0,383.624,422.0,351.0,452.0
2,500,409.20000000000005,409.2000000000001,True,0.0,7.4,38.10000000000002,-20.0,90.0,360.0,360.0,360.0,360.0,10.0,10.0,10.0,10.0,1.928,4.0,0.0,4.0,379.328,409.20000000000005,350.0,464.0
3,500,421.1,421.1,True,0.0,9.764,47.500000000000114,-20.0,86.0,360.0,360.0,360.0,360.0,10.0,10.0,10.0,10.0,1.966,4.0,0.0,4.0,381.73,421.1,350.0,460.0
4,500,414.0,414.0,True,0.0,9.684,42.0,-20.0,87.0,360.0,360.0,360.0,360.0,10.0,10.0,10.0,10.0,1.958,4.0,0.0,4.0,381.642,414.0,350.0,460.0
5,500,415.0,415.0,True,0.0,9.34,43.200000000000045,-20.0,89.0,360.0,360.0,360.0,360.0,10.0,10.0,10.0,10.0,1.926,4.0,0.0,4.0,381.266,415.0,350.0,462.0
6,500,414.20000000000005,414.2000000000001,True,0.0,9.58,43.10000000000002,-20.0,86.0,360.0,360.0,360.0,360.0,10.0,10.0,10.0,10.0,1.938,4.0,0.0,4.0,381.518,414.20000000000005,350.0,457.0
7,500,418.30000000000007,418.30000000000007,True,0.0,10.308,48.0,-20.0,90.0,360.0,360.0,360.0,360.0,10.0,10.0,10.0,10.0,1.862,4.0,0.0,4.0,382.17,418.30000000000007,350.0,460.0
8,500,418.20000000000005,418.2000000000001,True,0.0,8.438,47.0,-20.0,91.0,360.0,360.0,360.0,360.0,10.0,10.0,10.0,10.0,1.894,4.0,0.0,4.0,380.332,418.20000000000005,350.0,463.0
9,500,418.0,418.0,True,0.0,10.26,44.40000000000009,-20.0,91.0,360.0,360.0,360.0,360.0,10.0,10.0,10.0,10.0,1.962,4.0,0.0,4.0,382.222,418.0,350.0,464.0
10,500,420.0,420.0,True,0.0,9.838,48.0,-20.0,91.0,360.0,360.0,360.0,360.0,10.0,10.0,10.0,10.0,2.014,4.0,0.0,4.0,381.852,420.0,350.0,461.0
11,500,420.1,420.1,True,0.0,10.224,49.10000000000002,-20.0,90.0,360.0,360.0,360.0,360.0,10.0,10.0,10.0,10.0,1.868,4.0,0.0,4.0,382.092,420.1,350.0,463.0
12,500,420.1,420.1,True,0.0,10.094,48.10000000000002,-20.0,86.0,360.0,360.0,360.0,360.0,10.0,10.0,10.0,10.0,1.91,4.0,0.0,4.0,382.004,420.1,350.0,460.0
13,500,420.1,420.1,True,0.0,9.528,48.10000000000002,-20.0,87.0,360.0,360.0,360.0,360.0,10.0,10.0,10.0,10.0,2.05,4.0,0.0,4.0,381.578,420.1,350.0,458.0
14,500,420.1,420.1,True,0.0,10.01,48.10000000000002,-20.0,87.0,360.0,360.0,360.0,360.0,10.0,10.0,10.0,10.0,1.838,4.0,0.0,4.0,381.848,420.1,350.0,457.0
15,500,412.1,412.1,True,0.0,8.28,40.10000000000002,-20.0,85.0,360.0,360.0,360.0,360.0,10.0,10.0,10.0,10.0,1.876,4.0,0.0,4.0,380.156,412.1,350.0,455.0
16,500,417.0,417.0,True,0.0,9.71,44.10000000000002,-20.0,87.0,360.0,360.0,360.0,360.0,10.0,10.0,10.0,10.0,2.0,4.0,0.0,4.0,381.71,417.0,350.0,458.0
17,500,396.1,396.1,True,0.0,6.782,26.0,-20.0,89.0,360.0,360.0,360.0,360.0,10.0,10.0,10.0,10.0,1.828,4.0,0.0,4.0,378.61,396.1,350.0,460.0
18,500,415.0,415.0,True,0.0,8.572,41.0,-20.0,85.0,360.0,360.0,360.0,360.0,10.0,10.0,10.0,10.0,1.926,4.0,0.0,4.0,380.498,415.0,350.0,456.0
19,500,417.1,417.1,True,0.0,9.714,45.10000000000002,-20.0,86.0,360.0,360.0,360.0,360.0,10.0,10.0,10.0,10.0,1.93,4.0,0.0,4.0,381.644,417.1,350.0,458.0
20,500,413.0,413.0,True,0.0,8.088,41.10000000000002,-20.0,85.0,360.0,360.0,360.0,360.0,10.0,10.0,10.0,10.0,2.006,4.0,0.0,4.0,380.094,413.0,350.0,458.0
