repeat_idx,scenario_seed,algorithm_id,accuracy,errors,sessions,codebook_patterns,codebook_distinct_patterns,pairwise_l1_min_a,pairwise_l1_mean_a,pairs_l1_le_4a,pairs_l1_le_8a,pairs_l1_le_12a
1,2187631072,nomura_original_interval_hungarian,1.0,0,300,300,300,3,41.9025641025641,4,57,276
1,2187631072,single_only,0.7166666666666667,85,300,300,300,3,41.9025641025641,4,57,276
1,2187631072,bayesian_windowed,1.0,0,300,300,300,3,41.9025641025641,4,57,276
2,2187631073,nomura_original_interval_hungarian,1.0,0,300,300,300,3,40.640802675585284,7,68,281
2,2187631073,single_only,0.6266666666666667,112,300,300,300,3,40.640802675585284,7,68,281
2,2187631073,bayesian_windowed,1.0,0,300,300,300,3,40.640802675585284,7,68,281
3,2187631074,nomura_original_interval_hungarian,1.0,0,300,300,300,3,40.78624303232999,3,53,259
3,2187631074,single_only,0.6866666666666666,94,300,300,300,3,40.78624303232999,3,53,259
3,2187631074,bayesian_windowed,1.0,0,300,300,300,3,40.78624303232999,3,53,259
4,2187631075,nomura_original_interval_hungarian,1.0,0,300,300,300,3,41.58227424749164,5,57,244
4,2187631075,single_only,0.6233333333333333,113,300,300,300,3,41.58227424749164,5,57,244
4,2187631075,bayesian_windowed,1.0,0,300,300,300,3,41.58227424749164,5,57,244
5,2187631076,bayesian_windowed,1.0,0,300,300,300,4,41.03188405797101,1,42,276
5,2187631076,single_only,0.7333333333333333,80,300,300,300,4,41.03188405797101,1,42,276
5,2187631076,nomura_original_interval_hungarian,1.0,0,300,300,300,4,41.03188405797101,1,42,276
6,2187631077,nomura_original_interval_hungarian,1.0,0,300,300,300,2,41.53134894091416,1,41,253
6,2187631077,single_only,0.66,102,300,300,300,2,41.53134894091416,1,41,253
6,2187631077,bayesian_windowed,1.0,0,300,300,300,2,41.53134894091416,1,41,253
7,2187631078,nomura_original_interval_hungarian,1.0,0,300,300,300,4,42.04227424749164,1,45,239
7,2187631078,single_only,0.68,96,300,300,300,4,42.04227424749164,1,45,239
7,2187631078,bayesian_windowed,1.0,0,300,300,300,4,42.04227424749164,1,45,239
8,2187631079,nomura_original_interval_hungarian,1.0,0,300,300,300,4,40.83279821627648,2,38,272
8,2187631079,single_only,0.67,99,300,300,300,4,40.83279821627648,2,38,272
8,2187631079,bayesian_windowed,1.0,0,300,300,300,4,40.83279821627648,2,38,272
9,2187631080,nomura_original_interval_hungarian,1.0,0,300,300,300,4,41.582876254180604,2,50,260
9,2187631080,single_only,0.69,93,300,300,300,4,41.582876254180604,2,50,260
9,2187631080,bayesian_windowed,1.0,0,300,300,300,4,41.582876254180604,2,50,260
10,2187631081,single_only,0.6366666666666667,109,300,300,300,4,41.02985507246377,1,46,265
10,2187631081,bayesian_windowed,1.0,0,300,300,300,4,41.02985507246377,1,46,265
10,2187631081,nomura_original_interval_hungarian,1.0,0,300,300,300,4,41.02985507246377,1,46,265
11,2187631082,nomura_original_interval_hungarian,1.0,0,300,300,300,3,41.75589743589744,3,39,270
11,2187631082,single_only,0.62,114,300,300,300,3,41.75589743589744,3,39,270
11,2187631082,bayesian_windowed,1.0,0,300,300,300,3,41.75589743589744,3,39,270
12,2187631083,nomura_original_interval_hungarian,1.0,0,300,300,300,3,42.0448160535117,5,56,249
12,2187631083,single_only,0.6733333333333333,98,300,300,300,3,42.0448160535117,5,56,249
12,2187631083,bayesian_windowed,1.0,0,300,300,300,3,42.0448160535117,5,56,249
13,2187631084,nomura_original_interval_hungarian,1.0,0,300,300,300,1,41.21768115942029,7,46,250
13,2187631084,single_only,0.6466666666666666,106,300,300,300,1,41.21768115942029,7,46,250
13,2187631084,bayesian_windowed,1.0,0,300,300,300,1,41.21768115942029,7,46,250
14,2187631085,nomura_original_interval_hungarian,1.0,0,300,300,300,4,41.754091415830544,3,50,239
14,2187631085,single_only,0.7166666666666667,85,300,300,300,4,41.754091415830544,3,50,239
14,2187631085,bayesian_windowed,1.0,0,300,300,300,4,41.754091415830544,3,50,239
15,2187631086,bayesian_windowed,1.0,0,300,300,300,2,41.133221850613154,4,51,282
15,2187631086,nomura_original_interval_hungarian,1.0,0,300,300,300,2,41.133221850613154,4,51,282
15,2187631086,single_only,0.7333333333333333,80,300,300,300,2,41.133221850613154,4,51,282
16,2187631087,nomura_original_interval_hungarian,1.0,0,300,300,300,2,42.07567447045708,5,41,223
16,2187631087,single_only,0.64,108,300,300,300,2,42.07567447045708,5,41,223
16,2187631087,bayesian_windowed,1.0,0,300,300,300,2,42.07567447045708,5,41,223
17,2187631088,nomura_original_interval_hungarian,1.0,0,300,300,300,2,42.42035674470457,6,43,246
17,2187631088,single_only,0.67,99,300,300,300,2,42.42035674470457,6,43,246
17,2187631088,bayesian_windowed,1.0,0,300,300,300,2,42.42035674470457,6,43,246
18,2187631089,nomura_original_interval_hungarian,1.0,0,300,300,300,4,42.13235228539576,3,47,258
18,2187631089,single_only,0.64,108,300,300,300,4,42.13235228539576,3,47,258
18,2187631089,bayesian_windowed,1.0,0,300,300,300,4,42.13235228539576,3,47,258
19,2187631090,single_only,0.78,66,300,300,300,3,41.409297658862876,3,47,252
19,2187631090,nomura_original_interval_hungarian,1.0,0,300,300,300,3,41.409297658862876,3,47,252
19,2187631090,bayesian_windowed,1.0,0,300,300,300,3,41.409297658862876,3,47,252
20,2187631091,single_only,0.7,90,300,300,300,3,41.14423634336678,2,39,239
20,2187631091,nomura_original_interval_hungarian,1.0,0,300,300,300,3,41.14423634336678,2,39,239
20,2187631091,bayesian_windowed,1.0,0,300,300,300,3,41.14423634336678,2,39,239
