sensing_multiplier,algorithm_id,variant_label,runs,accuracy_mean,accuracy_ci95,run_id
1.0,single_only,"Greedy, full cost",20,0.9732000000000001,0.003494390269123027,20260909_112655_937821
1.0,single_only_step_off,"Greedy, banded DTW only",20,0.9963,0.001433297261537304,20260909_112655_937821
1.0,single_only_dtw_off,"Greedy, step median only",20,0.9213000000000001,0.007862378105526797,20260909_112655_937821
1.0,nomura_original_interval_hungarian,"Global, full cost",20,0.9993000000000002,0.0004580555137593753,20260909_112655_937821
1.0,nomura_original_interval_hungarian_corr_off,"Global, without correlation",20,0.9715999999999999,0.003105941395786661,20260909_112655_937821
1.0,nomura_original_interval_hungarian_dtw_off,"Global, without DTW",20,0.9702999999999999,0.0036223608541116046,20260909_112655_937821
4.0,single_only,"Greedy, full cost",20,0.9408,0.0041238976026543705,20260908_194258_023727
4.0,single_only_step_off,"Greedy, banded DTW only",20,0.9953000000000001,0.0018541131787499006,20260909_112756_275599
4.0,single_only_dtw_off,"Greedy, step median only",20,0.8601000000000001,0.008505835291006174,20260909_112756_275599
4.0,nomura_original_interval_hungarian,"Global, full cost",20,0.9752000000000001,0.003467897163169231,20260908_194258_023727
4.0,nomura_original_interval_hungarian_corr_off,"Global, without correlation",20,0.7472000000000001,0.010819985075820032,20260909_112756_275599
4.0,nomura_original_interval_hungarian_dtw_off,"Global, without DTW",20,0.9684999999999999,0.004399545052264853,20260909_112756_275599
8.0,single_only,"Greedy, full cost",20,0.8684999999999998,0.007243289426082968,20260908_214145_238517
8.0,single_only_step_off,"Greedy, banded DTW only",20,0.9922000000000001,0.0019182882321378905,20260909_112756_282217
8.0,single_only_dtw_off,"Greedy, step median only",20,0.7433,0.010564998651343102,20260909_112756_282217
8.0,nomura_original_interval_hungarian,"Global, full cost",20,0.9206000000000001,0.0077431468850779565,20260908_214145_238517
8.0,nomura_original_interval_hungarian_corr_off,"Global, without correlation",20,0.5353,0.012022644839108986,20260909_112756_282217
8.0,nomura_original_interval_hungarian_dtw_off,"Global, without DTW",20,0.9632999999999999,0.0045581006823365335,20260909_112756_282217
