point,point_label,ev_count,evse_count,algorithm_id,runs,accuracy_mean,accuracy_ci95,accuracy_requested_mean,accuracy_requested_ci95,requested_evs_mean,admitted_evs_mean,blocked_evs_mean,blocked_ratio_mean,blocked_ratio_ci95,fallback_finalized_ratio_mean,fallback_finalized_ratio_ci95,session_end_fallback_ratio_mean,timeline_end_fallback_ratio_mean,fallback_to_all_rows_total_mean,avg_candidates_per_ev_mean,avg_candidates_per_ev_ci95,gt_in_candidates_ratio_mean,p90_latency_mean,p90_latency_ci95,runtime_s_total_mean,runtime_s_total_ci95,run_id
SA,"S-A: 2000 requested sessions, 50 slots",2000,50,time_only_baseline,20,0.549832,0.007464,0.259025,0.003384,2000.0,942.3,1057.7,0.52885,0.002686,0.0,0.0,0.0,0.0,0.0,49.426799,0.028815,1.0,415.56,1.809345,272.090192,15.36298,20260907_111056_513694
SA,"S-A: 2000 requested sessions, 50 slots",2000,50,single_only,20,0.942028,0.003862,0.443825,0.002772,2000.0,942.3,1057.7,0.52885,0.002686,0.0,0.0,0.0,0.0,0.0,49.426799,0.028815,1.0,415.56,1.809345,319.526581,14.711778,20260907_111056_513694
SA,"S-A: 2000 requested sessions, 50 slots",2000,50,nomura_original_interval_hungarian,20,0.993683,0.001434,0.468175,0.002796,2000.0,942.3,1057.7,0.52885,0.002686,0.0,0.0,0.0,0.0,0.0,49.426799,0.028815,1.0,415.56,1.809345,395.568731,17.650805,20260907_111056_513694
SA,"S-A: 2000 requested sessions, 50 slots",2000,50,bayesian_windowed,20,0.954495,0.003759,0.4497,0.002806,2000.0,942.3,1057.7,0.52885,0.002686,0.0,0.0,0.0,0.0,0.0,49.426799,0.028815,1.0,415.56,1.809345,308.316873,13.532097,20260907_111056_513694
SB,"S-B: 500 requested sessions, 15 slots",500,15,time_only_baseline,20,0.815746,0.011622,0.4381,0.009013,500.0,268.45,231.55,0.4631,0.005452,0.0,0.0,0.0,0.0,0.0,14.476383,0.032948,1.0,416.885,3.494031,26.815876,1.384724,20260907_111056_525003
SB,"S-B: 500 requested sessions, 15 slots",500,15,single_only,20,0.980697,0.003643,0.5265,0.004966,500.0,268.45,231.55,0.4631,0.005452,0.0,0.0,0.0,0.0,0.0,14.476383,0.032948,1.0,416.885,3.494031,31.530112,1.195087,20260907_111056_525003
SB,"S-B: 500 requested sessions, 15 slots",500,15,nomura_original_interval_hungarian,20,0.998881,0.000769,0.5363,0.00548,500.0,268.45,231.55,0.4631,0.005452,0.0,0.0,0.0,0.0,0.0,14.476383,0.032948,1.0,416.885,3.494031,39.818674,1.211429,20260907_111056_525003
SB,"S-B: 500 requested sessions, 15 slots",500,15,bayesian_windowed,20,0.983688,0.004681,0.5281,0.005107,500.0,268.45,231.55,0.4631,0.005452,0.0,0.0,0.0,0.0,0.0,14.476383,0.032948,1.0,416.885,3.494031,31.678065,1.095234,20260907_111056_525003
control,"control: 500 sessions, 50 slots (TABLE 6 point)",500,50,time_only_baseline,20,0.7121,0.010894,0.7121,0.010894,500.0,500.0,0.0,0.0,0.0,0.0,0.0,0.0,0.0,0.0,28.3418,0.163654,1.0,416.035,2.538192,47.683633,3.686391,20260910_091432_644397
control,"control: 500 sessions, 50 slots (TABLE 6 point)",500,50,single_only,20,0.9732,0.003272,0.9732,0.003272,500.0,500.0,0.0,0.0,0.0,0.0,0.0,0.0,0.0,0.0,28.3418,0.163654,1.0,416.035,2.538192,57.566627,2.833939,20260910_091432_644397
control,"control: 500 sessions, 50 slots (TABLE 6 point)",500,50,nomura_original_interval_hungarian,20,0.9993,0.000429,0.9993,0.000429,500.0,500.0,0.0,0.0,0.0,0.0,0.0,0.0,0.0,0.0,28.3418,0.163654,1.0,416.035,2.538192,75.342851,6.592719,20260910_091432_644397
control,"control: 500 sessions, 50 slots (TABLE 6 point)",500,50,bayesian_windowed,20,0.9838,0.003035,0.9838,0.003035,500.0,500.0,0.0,0.0,0.0,0.0,0.0,0.0,0.0,0.0,28.3418,0.163654,1.0,416.035,2.538192,58.030939,6.35763,20260910_091432_644397
