knob,symbol,value,is_default,runs,accuracy_mean,accuracy_ci95,delta_vs_default_mean,delta_vs_default_ci95,a1_reference,run_id
gamma_prev,γ_prev,0.3,False,20,0.9815,0.002927,-0.0023,0.001854,0.9732,20260909_112529_182056
gamma_prev,γ_prev,0.45,False,20,0.9829,0.003089,-0.0009,0.000983,0.9732,20260909_122547_200269
gamma_prev,γ_prev,0.6,True,20,0.9838,0.003241,0.0,0.0,0.9732,20260907_111056_515561 (canonical)
gamma_prev,γ_prev,0.75,False,20,0.9833,0.003145,-0.0005,0.000852,0.9732,20260909_132718_907265
gamma_prev,γ_prev,0.9,False,20,0.983,0.003014,-0.0008,0.001069,0.9732,20260909_142840_347159
eta_mix,η_mix,0.15,False,20,0.9836,0.003307,-0.0002,0.000288,0.9732,20260909_152433_184981
eta_mix,η_mix,0.25,False,20,0.9838,0.003241,0.0,0.0,0.9732,20260909_160953_979895
eta_mix,η_mix,0.35,True,20,0.9838,0.003241,0.0,0.0,0.9732,20260907_111056_515561 (canonical)
eta_mix,η_mix,0.5,False,20,0.9838,0.003241,0.0,0.0,0.9732,20260909_165453_920798
eta_mix,η_mix,0.7,False,20,0.9838,0.003241,0.0,0.0,0.9732,20260909_173949_184148
beta_curr,β_curr,0.5,False,20,0.9838,0.003241,0.0,0.0,0.9732,20260909_182443_322414
beta_curr,β_curr,0.75,False,20,0.9838,0.003241,0.0,0.0,0.9732,20260909_190719_436127
beta_curr,β_curr,1.0,True,20,0.9838,0.003241,0.0,0.0,0.9732,20260907_111056_515561 (canonical)
beta_curr,β_curr,1.5,False,20,0.9838,0.003241,0.0,0.0,0.9732,20260909_194519_432942
beta_curr,β_curr,2.0,False,20,0.9837,0.003261,-0.0001,0.000209,0.9732,20260909_202343_453722
