run_id,config_hash,scenario_id,scenario_seed,algo_seed,seed,repeat_idx,ev_count,evse_count,tau_s,charger_sample_s,ev_sample_s,matcher_delay_max_s,candidate_margin_s,pattern_mode,pattern_mode_label,pattern_assignment_mode,pattern_assignment_mode_label,pattern_unique_count,command_step_count,window_s,scenario_hash,codebook_unique_patterns,codebook_pairwise_l1_min_a,codebook_pairwise_l1_mean_a,codebook_internal_gap_min_a,codebook_consec_step_min_a,codebook_terminal_branch,codebook_ladder_rungs,codebook_setpoint_lo_a,codebook_setpoint_hi_a,ingest_seed,ingestion_signature_sha256,ingestion_signature_match_ref,algorithm_id,algorithm_label,is_current,requested_evs,admitted_evs,blocked_evs,blocked_ratio,total_evs,correct,unmatched,accuracy,accuracy_requested,avg_cost,max_cost,avg_latency_s,p90_latency_s,assignment_runtime_s,window_watermark_count,session_end_before_watermark_count,session_end_fallback_count,timeline_end_fallback_count,fallback_finalized_count,window_watermark_ratio,session_end_before_watermark_ratio,session_end_fallback_ratio,timeline_end_fallback_ratio,fallback_finalized_ratio,gt_in_candidates_ratio,avg_candidates_per_ev,no_candidate_rows_total,fallback_to_all_rows_total,gt_recovered_by_fallback_count,no_candidate_rows_ratio,fallback_to_all_rows_ratio,gt_recovered_by_fallback_ratio,candidate_query_lead_max_s,candidate_future_query_violation_count,runtime_s_candidate_build,runtime_s_assignment,runtime_s_fallback,runtime_s_other,runtime_s_total,runtime_s_cost,runtime_s_loop
20260910_091432_644397,e610fe6ca1908a92c221bf120251fee8342335c2a10ac8f03de4bc913741356f,1,2187632432,1421914812,2187632432,1,500,50,60,5,30,10.0,120,current,Optimized Pattern Generator,dynamic_session,Dynamic Session Pattern Assignment,50,6,360,d8c1ff54c33ca730cedaa07f0bfbe3adfebdc34c0281d1a58f3a93ce4b5ca0f9,50,7.0,40.910204081632656,1.0,1.0,True,20,6,30,3699990510,3e929cc2eda1fc9f1f7fb8f66c6a51a088d3c72a05727cd158690c0adbcf26fc,True,time_only_baseline,A0) Time Prior + Hungarian (Baseline),False,500,500,0,0.0,500,348,0,0.696,0.696,1.23440026878,7.600000100000001,383.624,422.0,43.74155487498501,500,0,0,0,0,1.0,0.0,0.0,0.0,0.0,1.0,28.756,0.0,0.0,0.0,0.0,0.0,,0.0,0.0,43.29619274631841,0.02741572231752798,0.0,0.415250031335745,43.738858499971684,43.29619274631841,0.415250031335745
20260910_091432_644397,e610fe6ca1908a92c221bf120251fee8342335c2a10ac8f03de4bc913741356f,1,2187632432,1233724828,2187632432,1,500,50,60,5,30,10.0,120,current,Optimized Pattern Generator,dynamic_session,Dynamic Session Pattern Assignment,50,6,360,d8c1ff54c33ca730cedaa07f0bfbe3adfebdc34c0281d1a58f3a93ce4b5ca0f9,50,7.0,40.910204081632656,1.0,1.0,True,20,6,30,3699990510,3e929cc2eda1fc9f1f7fb8f66c6a51a088d3c72a05727cd158690c0adbcf26fc,True,single_only,A1) Refined Cost + Greedy 1:1,True,500,500,0,0.0,500,484,0,0.968,0.968,0.8399327574322599,2.34781578909027,383.624,422.0,57.0052571669803,500,0,0,0,0,1.0,0.0,0.0,0.0,0.0,1.0,28.756,0.0,0.0,0.0,0.0,0.0,,0.0,0.0,46.72412191238254,9.853900834277738,0.0,0.4251917533692904,57.00321450002957,46.72412191238254,0.4251917533692904
20260910_091432_644397,e610fe6ca1908a92c221bf120251fee8342335c2a10ac8f03de4bc913741356f,1,2187632432,2184921369,2187632432,1,500,50,60,5,30,10.0,120,current,Optimized Pattern Generator,dynamic_session,Dynamic Session Pattern Assignment,50,6,360,d8c1ff54c33ca730cedaa07f0bfbe3adfebdc34c0281d1a58f3a93ce4b5ca0f9,50,7.0,40.910204081632656,1.0,1.0,True,20,6,30,3699990510,3e929cc2eda1fc9f1f7fb8f66c6a51a088d3c72a05727cd158690c0adbcf26fc,True,nomura_original_interval_hungarian,A2) Corr+DTW + Hungarian,False,500,500,0,0.0,500,499,0,0.998,0.998,0.06277196302575347,0.22684498812771908,383.624,422.0,68.03501612500986,500,0,0,0,0,1.0,0.0,0.0,0.0,0.0,1.0,28.756,0.0,0.0,0.0,0.0,0.0,,0.0,0.0,43.813702489074785,23.789711628342047,0.0,0.42966475762659684,68.03307887504343,43.813702489074785,0.42966475762659684
20260910_091432_644397,e610fe6ca1908a92c221bf120251fee8342335c2a10ac8f03de4bc913741356f,1,2187632432,1367392773,2187632432,1,500,50,60,5,30,10.0,120,current,Optimized Pattern Generator,dynamic_session,Dynamic Session Pattern Assignment,50,6,360,d8c1ff54c33ca730cedaa07f0bfbe3adfebdc34c0281d1a58f3a93ce4b5ca0f9,50,7.0,40.910204081632656,1.0,1.0,True,20,6,30,3699990510,3e929cc2eda1fc9f1f7fb8f66c6a51a088d3c72a05727cd158690c0adbcf26fc,True,bayesian_windowed,A3) Two-Stage Bayesian Posterior + Hungarian,False,500,500,0,0.0,500,491,0,0.982,0.982,0.5613768230849179,2.049411645025265,383.624,422.0,52.6545380000025,500,0,0,0,0,1.0,0.0,0.0,0.0,0.0,1.0,28.756,0.0,0.0,0.0,0.0,0.0,,0.0,0.0,43.936389123031404,8.289964796509594,0.0,0.42570045543834567,52.65205437497934,43.936389123031404,0.42570045543834567
20260910_091432_644397,e610fe6ca1908a92c221bf120251fee8342335c2a10ac8f03de4bc913741356f,2,2187632433,1421914813,2187632433,2,500,50,60,5,30,10.0,120,current,Optimized Pattern Generator,dynamic_session,Dynamic Session Pattern Assignment,50,6,360,47f5e4154947fed1bcb3c6871ae4f3b5d230a5c178bab938a992463975ff5c0c,50,7.0,42.4065306122449,1.0,1.0,True,20,6,30,3699990511,6912e7129165a42f54b3cbbaaf2a6662ace5c6a4c71efa917967fa618936f5ec,True,time_only_baseline,A0) Time Prior + Hungarian (Baseline),False,500,500,0,0.0,500,363,0,0.726,0.726,1.2210002767,8.800000480000001,379.328,409.20000000000005,42.85705374996178,500,0,0,0,0,1.0,0.0,0.0,0.0,0.0,1.0,28.204,0.0,0.0,0.0,0.0,0.0,,0.0,0.0,42.40806163713569,0.026617009076289833,0.0,0.42009397881338373,42.85477262502536,42.40806163713569,0.42009397881338373
20260910_091432_644397,e610fe6ca1908a92c221bf120251fee8342335c2a10ac8f03de4bc913741356f,2,2187632433,1233724829,2187632433,2,500,50,60,5,30,10.0,120,current,Optimized Pattern Generator,dynamic_session,Dynamic Session Pattern Assignment,50,6,360,47f5e4154947fed1bcb3c6871ae4f3b5d230a5c178bab938a992463975ff5c0c,50,7.0,42.4065306122449,1.0,1.0,True,20,6,30,3699990511,6912e7129165a42f54b3cbbaaf2a6662ace5c6a4c71efa917967fa618936f5ec,True,single_only,A1) Refined Cost + Greedy 1:1,True,500,500,0,0.0,500,487,0,0.974,0.974,0.8491589781339055,2.267952510192937,379.328,409.20000000000005,51.801763458002824,500,0,0,0,0,1.0,0.0,0.0,0.0,0.0,1.0,28.204,0.0,0.0,0.0,0.0,0.0,,0.0,0.0,42.15125326416455,9.235656800214201,0.0,0.412762435618788,51.79967249999754,42.15125326416455,0.412762435618788
20260910_091432_644397,e610fe6ca1908a92c221bf120251fee8342335c2a10ac8f03de4bc913741356f,2,2187632433,2184921368,2187632433,2,500,50,60,5,30,10.0,120,current,Optimized Pattern Generator,dynamic_session,Dynamic Session Pattern Assignment,50,6,360,47f5e4154947fed1bcb3c6871ae4f3b5d230a5c178bab938a992463975ff5c0c,50,7.0,42.4065306122449,1.0,1.0,True,20,6,30,3699990511,6912e7129165a42f54b3cbbaaf2a6662ace5c6a4c71efa917967fa618936f5ec,True,nomura_original_interval_hungarian,A2) Corr+DTW + Hungarian,False,500,500,0,0.0,500,499,0,0.998,0.998,0.05401672583032584,0.22976435193127193,379.328,409.20000000000005,66.07548654195853,500,0,0,0,0,1.0,0.0,0.0,0.0,0.0,1.0,28.204,0.0,0.0,0.0,0.0,0.0,,0.0,0.0,42.397274754883256,23.25886612990871,0.0,0.41696257318835706,66.07310345798032,42.397274754883256,0.41696257318835706
20260910_091432_644397,e610fe6ca1908a92c221bf120251fee8342335c2a10ac8f03de4bc913741356f,2,2187632433,1367392772,2187632433,2,500,50,60,5,30,10.0,120,current,Optimized Pattern Generator,dynamic_session,Dynamic Session Pattern Assignment,50,6,360,47f5e4154947fed1bcb3c6871ae4f3b5d230a5c178bab938a992463975ff5c0c,50,7.0,42.4065306122449,1.0,1.0,True,20,6,30,3699990511,6912e7129165a42f54b3cbbaaf2a6662ace5c6a4c71efa917967fa618936f5ec,True,bayesian_windowed,A3) Two-Stage Bayesian Posterior + Hungarian,False,500,500,0,0.0,500,492,0,0.984,0.984,0.6358537356146086,1.8096757431428288,379.328,409.20000000000005,51.3088401670102,500,0,0,0,0,1.0,0.0,0.0,0.0,0.0,1.0,28.204,0.0,0.0,0.0,0.0,0.0,,0.0,0.0,42.753504015970975,8.128713294223417,0.0,0.42449535679770634,51.3067126669921,42.753504015970975,0.42449535679770634
20260910_091432_644397,e610fe6ca1908a92c221bf120251fee8342335c2a10ac8f03de4bc913741356f,3,2187632434,1421914814,2187632434,3,500,50,60,5,30,10.0,120,current,Optimized Pattern Generator,dynamic_session,Dynamic Session Pattern Assignment,50,6,360,aa126af81610b37cbcafa22c41302ceff39b27b86716bfec3309ddc90ae9c056,50,4.0,42.96326530612245,1.0,1.0,True,20,6,30,3699990508,6002af294c85a93a7cc1488537bc3d2ac90d75a9c6e164ca82b5c4360680cf22,True,time_only_baseline,A0) Time Prior + Hungarian (Baseline),False,500,500,0,0.0,500,360,0,0.72,0.72,1.28740027284,8.40000006,381.73,421.1,43.694795791991055,500,0,0,0,0,1.0,0.0,0.0,0.0,0.0,1.0,28.56,0.0,0.0,0.0,0.0,0.0,,0.0,0.0,43.24584049533587,0.027983281877823174,0.0,0.4186029728152789,43.69242675002897,43.24584049533587,0.4186029728152789
20260910_091432_644397,e610fe6ca1908a92c221bf120251fee8342335c2a10ac8f03de4bc913741356f,3,2187632434,1233724830,2187632434,3,500,50,60,5,30,10.0,120,current,Optimized Pattern Generator,dynamic_session,Dynamic Session Pattern Assignment,50,6,360,aa126af81610b37cbcafa22c41302ceff39b27b86716bfec3309ddc90ae9c056,50,4.0,42.96326530612245,1.0,1.0,True,20,6,30,3699990508,6002af294c85a93a7cc1488537bc3d2ac90d75a9c6e164ca82b5c4360680cf22,True,single_only,A1) Refined Cost + Greedy 1:1,True,500,500,0,0.0,500,495,0,0.99,0.99,0.8207248922879791,2.510271326139446,381.73,421.1,53.486524416017346,500,0,0,0,0,1.0,0.0,0.0,0.0,0.0,1.0,28.56,0.0,0.0,0.0,0.0,0.0,,0.0,0.0,43.65205926290946,9.413011258060578,0.0,0.41937239503022283,53.48444291600026,43.65205926290946,0.41937239503022283
20260910_091432_644397,e610fe6ca1908a92c221bf120251fee8342335c2a10ac8f03de4bc913741356f,3,2187632434,2184921371,2187632434,3,500,50,60,5,30,10.0,120,current,Optimized Pattern Generator,dynamic_session,Dynamic Session Pattern Assignment,50,6,360,aa126af81610b37cbcafa22c41302ceff39b27b86716bfec3309ddc90ae9c056,50,4.0,42.96326530612245,1.0,1.0,True,20,6,30,3699990508,6002af294c85a93a7cc1488537bc3d2ac90d75a9c6e164ca82b5c4360680cf22,True,nomura_original_interval_hungarian,A2) Corr+DTW + Hungarian,False,500,500,0,0.0,500,500,0,1.0,1.0,0.05394177020465027,0.19902427484625412,381.73,421.1,67.87109212501673,500,0,0,0,0,1.0,0.0,0.0,0.0,0.0,1.0,28.56,0.0,0.0,0.0,0.0,0.0,,0.0,0.0,43.827802502317354,23.61862321582157,0.0,0.4224902818677947,67.86891600000672,43.827802502317354,0.4224902818677947
20260910_091432_644397,e610fe6ca1908a92c221bf120251fee8342335c2a10ac8f03de4bc913741356f,3,2187632434,1367392775,2187632434,3,500,50,60,5,30,10.0,120,current,Optimized Pattern Generator,dynamic_session,Dynamic Session Pattern Assignment,50,6,360,aa126af81610b37cbcafa22c41302ceff39b27b86716bfec3309ddc90ae9c056,50,4.0,42.96326530612245,1.0,1.0,True,20,6,30,3699990508,6002af294c85a93a7cc1488537bc3d2ac90d75a9c6e164ca82b5c4360680cf22,True,bayesian_windowed,A3) Two-Stage Bayesian Posterior + Hungarian,False,500,500,0,0.0,500,496,0,0.992,0.992,0.583094864080202,1.8010738409133056,381.73,421.1,52.17004683398409,500,0,0,0,0,1.0,0.0,0.0,0.0,0.0,1.0,28.56,0.0,0.0,0.0,0.0,0.0,,0.0,0.0,43.54917220911011,8.200018623901997,0.0,0.4187313339789398,52.16792216699105,43.54917220911011,0.4187313339789398
20260910_091432_644397,e610fe6ca1908a92c221bf120251fee8342335c2a10ac8f03de4bc913741356f,4,2187632435,1421914815,2187632435,4,500,50,60,5,30,10.0,120,current,Optimized Pattern Generator,dynamic_session,Dynamic Session Pattern Assignment,50,6,360,9e38e7aadf3bae672c4219ffcc81cfecd9d301d3757f014bfc1054b8ca74eeb7,50,7.0,40.2130612244898,1.0,1.0,True,20,6,30,3699990509,732f8b80bc0f922c51f7644270db18d293a2c309d0a239378afbbb9363223b81,True,time_only_baseline,A0) Time Prior + Hungarian (Baseline),False,500,500,0,0.0,500,348,0,0.696,0.696,1.1508002536400002,7.40000101,381.642,414.0,43.01135945902206,500,0,0,0,0,1.0,0.0,0.0,0.0,0.0,1.0,28.252,0.0,0.0,0.0,0.0,0.0,,0.0,0.0,42.56472700735321,0.027585972391534597,0.0,0.4166891862405464,43.009002165985294,42.56472700735321,0.4166891862405464
20260910_091432_644397,e610fe6ca1908a92c221bf120251fee8342335c2a10ac8f03de4bc913741356f,4,2187632435,1233724831,2187632435,4,500,50,60,5,30,10.0,120,current,Optimized Pattern Generator,dynamic_session,Dynamic Session Pattern Assignment,50,6,360,9e38e7aadf3bae672c4219ffcc81cfecd9d301d3757f014bfc1054b8ca74eeb7,50,7.0,40.2130612244898,1.0,1.0,True,20,6,30,3699990509,732f8b80bc0f922c51f7644270db18d293a2c309d0a239378afbbb9363223b81,True,single_only,A1) Refined Cost + Greedy 1:1,True,500,500,0,0.0,500,486,0,0.972,0.972,0.8679899521481087,3.2127823943367817,381.642,414.0,52.73642795800697,500,0,0,0,0,1.0,0.0,0.0,0.0,0.0,1.0,28.252,0.0,0.0,0.0,0.0,0.0,,0.0,0.0,42.97978111618431,9.324860656342935,0.0,0.42921239347197115,52.73385416599922,42.97978111618431,0.42921239347197115
20260910_091432_644397,e610fe6ca1908a92c221bf120251fee8342335c2a10ac8f03de4bc913741356f,4,2187632435,2184921370,2187632435,4,500,50,60,5,30,10.0,120,current,Optimized Pattern Generator,dynamic_session,Dynamic Session Pattern Assignment,50,6,360,9e38e7aadf3bae672c4219ffcc81cfecd9d301d3757f014bfc1054b8ca74eeb7,50,7.0,40.2130612244898,1.0,1.0,True,20,6,30,3699990509,732f8b80bc0f922c51f7644270db18d293a2c309d0a239378afbbb9363223b81,True,nomura_original_interval_hungarian,A2) Corr+DTW + Hungarian,False,500,500,0,0.0,500,500,0,1.0,1.0,0.05827094397005386,0.2672759239350639,381.642,414.0,66.81772762496257,500,0,0,0,0,1.0,0.0,0.0,0.0,0.0,1.0,28.252,0.0,0.0,0.0,0.0,0.0,,0.0,0.0,42.96302012284286,23.431258344266098,0.0,0.4208686158526689,66.81514708296163,42.96302012284286,0.4208686158526689
20260910_091432_644397,e610fe6ca1908a92c221bf120251fee8342335c2a10ac8f03de4bc913741356f,4,2187632435,1367392774,2187632435,4,500,50,60,5,30,10.0,120,current,Optimized Pattern Generator,dynamic_session,Dynamic Session Pattern Assignment,50,6,360,9e38e7aadf3bae672c4219ffcc81cfecd9d301d3757f014bfc1054b8ca74eeb7,50,7.0,40.2130612244898,1.0,1.0,True,20,6,30,3699990509,732f8b80bc0f922c51f7644270db18d293a2c309d0a239378afbbb9363223b81,True,bayesian_windowed,A3) Two-Stage Bayesian Posterior + Hungarian,False,500,500,0,0.0,500,498,0,0.996,0.996,0.5964592182677583,1.7399217278556152,381.642,414.0,51.228606250020675,500,0,0,0,0,1.0,0.0,0.0,0.0,0.0,1.0,28.252,0.0,0.0,0.0,0.0,0.0,,0.0,0.0,42.69164117058972,8.117223261273466,0.0,0.41751606814796105,51.226380500011146,42.69164117058972,0.41751606814796105
20260910_091432_644397,e610fe6ca1908a92c221bf120251fee8342335c2a10ac8f03de4bc913741356f,5,2187632436,1421914808,2187632436,5,500,50,60,5,30,10.0,120,current,Optimized Pattern Generator,dynamic_session,Dynamic Session Pattern Assignment,50,6,360,c3d330be9b38672ca642d41b13a1ba8ee2318e71b5813d22821e7f0b45262257,50,6.0,39.67836734693878,1.0,1.0,True,20,6,30,3699990506,bdf96b1e88a5dc8d0b7656829b24f4d13e71de582128d5873d8aad03f7a2cae5,True,time_only_baseline,A0) Time Prior + Hungarian (Baseline),False,500,500,0,0.0,500,357,0,0.714,0.714,1.19700027692,7.800000370000001,381.266,415.0,43.4021809999831,500,0,0,0,0,1.0,0.0,0.0,0.0,0.0,1.0,27.964,0.0,0.0,0.0,0.0,0.0,,0.0,0.0,42.9460404147394,0.028523422603029758,0.0,0.4251464536646381,43.39971029100707,42.9460404147394,0.4251464536646381
20260910_091432_644397,e610fe6ca1908a92c221bf120251fee8342335c2a10ac8f03de4bc913741356f,5,2187632436,1233724824,2187632436,5,500,50,60,5,30,10.0,120,current,Optimized Pattern Generator,dynamic_session,Dynamic Session Pattern Assignment,50,6,360,c3d330be9b38672ca642d41b13a1ba8ee2318e71b5813d22821e7f0b45262257,50,6.0,39.67836734693878,1.0,1.0,True,20,6,30,3699990506,bdf96b1e88a5dc8d0b7656829b24f4d13e71de582128d5873d8aad03f7a2cae5,True,single_only,A1) Refined Cost + Greedy 1:1,True,500,500,0,0.0,500,493,0,0.986,0.986,0.835205278368507,2.5488423947356202,381.266,415.0,52.738738832995296,500,0,0,0,0,1.0,0.0,0.0,0.0,0.0,1.0,27.964,0.0,0.0,0.0,0.0,0.0,,0.0,0.0,43.05145120859379,9.255185410031117,0.0,0.42947400640696287,52.73611062503187,43.05145120859379,0.42947400640696287
20260910_091432_644397,e610fe6ca1908a92c221bf120251fee8342335c2a10ac8f03de4bc913741356f,5,2187632436,2184921373,2187632436,5,500,50,60,5,30,10.0,120,current,Optimized Pattern Generator,dynamic_session,Dynamic Session Pattern Assignment,50,6,360,c3d330be9b38672ca642d41b13a1ba8ee2318e71b5813d22821e7f0b45262257,50,6.0,39.67836734693878,1.0,1.0,True,20,6,30,3699990506,bdf96b1e88a5dc8d0b7656829b24f4d13e71de582128d5873d8aad03f7a2cae5,True,nomura_original_interval_hungarian,A2) Corr+DTW + Hungarian,False,500,500,0,0.0,500,500,0,1.0,1.0,0.055525861904669384,0.19770429274346596,381.266,415.0,66.84786658303346,500,0,0,0,0,1.0,0.0,0.0,0.0,0.0,1.0,27.964,0.0,0.0,0.0,0.0,0.0,,0.0,0.0,43.207964620320126,23.2043229098781,0.0,0.43329638679279014,66.84558391699102,43.207964620320126,0.43329638679279014
20260910_091432_644397,e610fe6ca1908a92c221bf120251fee8342335c2a10ac8f03de4bc913741356f,5,2187632436,1367392769,2187632436,5,500,50,60,5,30,10.0,120,current,Optimized Pattern Generator,dynamic_session,Dynamic Session Pattern Assignment,50,6,360,c3d330be9b38672ca642d41b13a1ba8ee2318e71b5813d22821e7f0b45262257,50,6.0,39.67836734693878,1.0,1.0,True,20,6,30,3699990506,bdf96b1e88a5dc8d0b7656829b24f4d13e71de582128d5873d8aad03f7a2cae5,True,bayesian_windowed,A3) Two-Stage Bayesian Posterior + Hungarian,False,500,500,0,0.0,500,496,0,0.992,0.992,0.6127675321055536,1.7368844313240253,381.266,415.0,51.617620790959336,500,0,0,0,0,1.0,0.0,0.0,0.0,0.0,1.0,27.964,0.0,0.0,0.0,0.0,0.0,,0.0,0.0,43.128529718436766,8.060377455607522,0.0,0.42532724293414503,51.614234416978434,43.128529718436766,0.42532724293414503
20260910_091432_644397,e610fe6ca1908a92c221bf120251fee8342335c2a10ac8f03de4bc913741356f,6,2187632437,1421914809,2187632437,6,500,50,60,5,30,10.0,120,current,Optimized Pattern Generator,dynamic_session,Dynamic Session Pattern Assignment,50,6,360,99fef08ba3fea667b4adf1aaee53e0d8aee9f0a1c27e8e965d51ee6475a7d8d0,50,8.0,42.994285714285716,1.0,1.0,True,20,6,30,3699990507,2d2e92874f8c14846a034c69de963eacd4ae0066e7f7fed4b2b2993797dad490,True,time_only_baseline,A0) Time Prior + Hungarian (Baseline),False,500,500,0,0.0,500,355,0,0.71,0.71,1.14940027582,8.40000022,381.518,414.20000000000005,43.829798457969446,500,0,0,0,0,1.0,0.0,0.0,0.0,0.0,1.0,28.526,0.0,0.0,0.0,0.0,0.0,,0.0,0.0,43.38029887905577,0.02853945642709732,0.0,0.418835622491315,43.827673957974184,43.38029887905577,0.418835622491315
20260910_091432_644397,e610fe6ca1908a92c221bf120251fee8342335c2a10ac8f03de4bc913741356f,6,2187632437,1233724825,2187632437,6,500,50,60,5,30,10.0,120,current,Optimized Pattern Generator,dynamic_session,Dynamic Session Pattern Assignment,50,6,360,99fef08ba3fea667b4adf1aaee53e0d8aee9f0a1c27e8e965d51ee6475a7d8d0,50,8.0,42.994285714285716,1.0,1.0,True,20,6,30,3699990507,2d2e92874f8c14846a034c69de963eacd4ae0066e7f7fed4b2b2993797dad490,True,single_only,A1) Refined Cost + Greedy 1:1,True,500,500,0,0.0,500,486,0,0.972,0.972,0.8441184409137424,3.590617271512674,381.518,414.20000000000005,54.29852020798717,500,0,0,0,0,1.0,0.0,0.0,0.0,0.0,1.0,28.526,0.0,0.0,0.0,0.0,0.0,,0.0,0.0,44.36980925180251,9.498331121227238,0.0,0.4281044599483721,54.29624483297812,44.36980925180251,0.4281044599483721
20260910_091432_644397,e610fe6ca1908a92c221bf120251fee8342335c2a10ac8f03de4bc913741356f,6,2187632437,2184921372,2187632437,6,500,50,60,5,30,10.0,120,current,Optimized Pattern Generator,dynamic_session,Dynamic Session Pattern Assignment,50,6,360,99fef08ba3fea667b4adf1aaee53e0d8aee9f0a1c27e8e965d51ee6475a7d8d0,50,8.0,42.994285714285716,1.0,1.0,True,20,6,30,3699990507,2d2e92874f8c14846a034c69de963eacd4ae0066e7f7fed4b2b2993797dad490,True,nomura_original_interval_hungarian,A2) Corr+DTW + Hungarian,False,500,500,0,0.0,500,500,0,1.0,1.0,0.05735251496616086,0.2022634256839532,381.518,414.20000000000005,72.50906366697745,500,0,0,0,0,1.0,0.0,0.0,0.0,0.0,1.0,28.526,0.0,0.0,0.0,0.0,0.0,,0.0,0.0,46.884147416683845,25.171073330100626,0.0,0.45157521119108424,72.50679595797556,46.884147416683845,0.45157521119108424
20260910_091432_644397,e610fe6ca1908a92c221bf120251fee8342335c2a10ac8f03de4bc913741356f,6,2187632437,1367392768,2187632437,6,500,50,60,5,30,10.0,120,current,Optimized Pattern Generator,dynamic_session,Dynamic Session Pattern Assignment,50,6,360,99fef08ba3fea667b4adf1aaee53e0d8aee9f0a1c27e8e965d51ee6475a7d8d0,50,8.0,42.994285714285716,1.0,1.0,True,20,6,30,3699990507,2d2e92874f8c14846a034c69de963eacd4ae0066e7f7fed4b2b2993797dad490,True,bayesian_windowed,A3) Two-Stage Bayesian Posterior + Hungarian,False,500,500,0,0.0,500,495,0,0.99,0.99,0.5537530190263599,1.5954099478789785,381.518,414.20000000000005,55.94330841599731,500,0,0,0,0,1.0,0.0,0.0,0.0,0.0,1.0,28.526,0.0,0.0,0.0,0.0,0.0,,0.0,0.0,46.7711915349355,8.717725374095608,0.0,0.45202813297510147,55.940945042006206,46.7711915349355,0.45202813297510147
20260910_091432_644397,e610fe6ca1908a92c221bf120251fee8342335c2a10ac8f03de4bc913741356f,7,2187632438,1421914810,2187632438,7,500,50,60,5,30,10.0,120,current,Optimized Pattern Generator,dynamic_session,Dynamic Session Pattern Assignment,50,6,360,d753707e72c4f87dd624e93e39d8df4435e1b422a6d25d5152a3e627dc77b674,50,7.0,40.12408163265306,1.0,1.0,True,20,6,30,3699990504,4af1e0f2615d5d0d31025bf7ede5522f26fc1df8db947197042712167b4c83ea,True,time_only_baseline,A0) Time Prior + Hungarian (Baseline),False,500,500,0,0.0,500,344,0,0.688,0.688,1.29400027114,8.00000032,382.17,418.30000000000007,47.536848874995485,500,0,0,0,0,1.0,0.0,0.0,0.0,0.0,1.0,28.892,0.0,0.0,0.0,0.0,0.0,,0.0,0.0,47.05200696043903,0.030844493070617318,0.0,0.4510815045214258,47.53393295803107,47.05200696043903,0.4510815045214258
20260910_091432_644397,e610fe6ca1908a92c221bf120251fee8342335c2a10ac8f03de4bc913741356f,7,2187632438,1233724826,2187632438,7,500,50,60,5,30,10.0,120,current,Optimized Pattern Generator,dynamic_session,Dynamic Session Pattern Assignment,50,6,360,d753707e72c4f87dd624e93e39d8df4435e1b422a6d25d5152a3e627dc77b674,50,7.0,40.12408163265306,1.0,1.0,True,20,6,30,3699990504,4af1e0f2615d5d0d31025bf7ede5522f26fc1df8db947197042712167b4c83ea,True,single_only,A1) Refined Cost + Greedy 1:1,True,500,500,0,0.0,500,489,0,0.978,0.978,0.8439626124850885,2.581596686445939,382.17,418.30000000000007,58.88484220899409,500,0,0,0,0,1.0,0.0,0.0,0.0,0.0,1.0,28.892,0.0,0.0,0.0,0.0,0.0,,0.0,0.0,48.14477795374114,10.290865415998269,0.0,0.4469097552355379,58.88255312497495,48.14477795374114,0.4469097552355379
20260910_091432_644397,e610fe6ca1908a92c221bf120251fee8342335c2a10ac8f03de4bc913741356f,7,2187632438,2184921375,2187632438,7,500,50,60,5,30,10.0,120,current,Optimized Pattern Generator,dynamic_session,Dynamic Session Pattern Assignment,50,6,360,d753707e72c4f87dd624e93e39d8df4435e1b422a6d25d5152a3e627dc77b674,50,7.0,40.12408163265306,1.0,1.0,True,20,6,30,3699990504,4af1e0f2615d5d0d31025bf7ede5522f26fc1df8db947197042712167b4c83ea,True,nomura_original_interval_hungarian,A2) Corr+DTW + Hungarian,False,500,500,0,0.0,500,499,0,0.998,0.998,0.05600975229336913,0.23411773974561445,382.17,418.30000000000007,74.1633993749856,500,0,0,0,0,1.0,0.0,0.0,0.0,0.0,1.0,28.892,0.0,0.0,0.0,0.0,0.0,,0.0,0.0,48.020316256559454,25.67943603207823,0.0,0.46119821135653183,74.16095049999421,48.020316256559454,0.46119821135653183
20260910_091432_644397,e610fe6ca1908a92c221bf120251fee8342335c2a10ac8f03de4bc913741356f,7,2187632438,1367392771,2187632438,7,500,50,60,5,30,10.0,120,current,Optimized Pattern Generator,dynamic_session,Dynamic Session Pattern Assignment,50,6,360,d753707e72c4f87dd624e93e39d8df4435e1b422a6d25d5152a3e627dc77b674,50,7.0,40.12408163265306,1.0,1.0,True,20,6,30,3699990504,4af1e0f2615d5d0d31025bf7ede5522f26fc1df8db947197042712167b4c83ea,True,bayesian_windowed,A3) Two-Stage Bayesian Posterior + Hungarian,False,500,500,0,0.0,500,494,0,0.988,0.988,0.5665115985079561,1.94856867805613,382.17,418.30000000000007,57.00418708304642,500,0,0,0,0,1.0,0.0,0.0,0.0,0.0,1.0,28.892,0.0,0.0,0.0,0.0,0.0,,0.0,0.0,47.664622295997106,8.893557121395133,0.0,0.44344833260402083,57.00162774999626,47.664622295997106,0.44344833260402083
20260910_091432_644397,e610fe6ca1908a92c221bf120251fee8342335c2a10ac8f03de4bc913741356f,8,2187632439,1421914811,2187632439,8,500,50,60,5,30,10.0,120,current,Optimized Pattern Generator,dynamic_session,Dynamic Session Pattern Assignment,50,6,360,ff4c4a47c2af9a95e14d74a8f98784a644f61c7392790fd9e8e1708a17e1125d,50,6.0,42.91428571428571,1.0,1.0,True,20,6,30,3699990505,9d1563fe8cfe376ecff9ae8d530b79ae32e3f945357e9bd953686c9e1fbfde83,True,time_only_baseline,A0) Time Prior + Hungarian (Baseline),False,500,500,0,0.0,500,353,0,0.706,0.706,1.2024002768800002,8.10000016,380.332,418.20000000000005,46.9120123340399,500,0,0,0,0,1.0,0.0,0.0,0.0,0.0,1.0,28.248,0.0,0.0,0.0,0.0,0.0,,0.0,0.0,46.43009508214891,0.03044001170201227,0.0,0.4488960311864503,46.90943112503737,46.43009508214891,0.4488960311864503
20260910_091432_644397,e610fe6ca1908a92c221bf120251fee8342335c2a10ac8f03de4bc913741356f,8,2187632439,1233724827,2187632439,8,500,50,60,5,30,10.0,120,current,Optimized Pattern Generator,dynamic_session,Dynamic Session Pattern Assignment,50,6,360,ff4c4a47c2af9a95e14d74a8f98784a644f61c7392790fd9e8e1708a17e1125d,50,6.0,42.91428571428571,1.0,1.0,True,20,6,30,3699990505,9d1563fe8cfe376ecff9ae8d530b79ae32e3f945357e9bd953686c9e1fbfde83,True,single_only,A1) Refined Cost + Greedy 1:1,True,500,500,0,0.0,500,488,0,0.976,0.976,0.8727753316834624,2.3883283779495676,380.332,418.20000000000005,57.308878166018985,500,0,0,0,0,1.0,0.0,0.0,0.0,0.0,1.0,28.248,0.0,0.0,0.0,0.0,0.0,,0.0,0.0,46.80055787647143,10.050328083976638,0.0,0.4553195805638097,57.30620554101188,46.80055787647143,0.4553195805638097
20260910_091432_644397,e610fe6ca1908a92c221bf120251fee8342335c2a10ac8f03de4bc913741356f,8,2187632439,2184921374,2187632439,8,500,50,60,5,30,10.0,120,current,Optimized Pattern Generator,dynamic_session,Dynamic Session Pattern Assignment,50,6,360,ff4c4a47c2af9a95e14d74a8f98784a644f61c7392790fd9e8e1708a17e1125d,50,6.0,42.91428571428571,1.0,1.0,True,20,6,30,3699990505,9d1563fe8cfe376ecff9ae8d530b79ae32e3f945357e9bd953686c9e1fbfde83,True,nomura_original_interval_hungarian,A2) Corr+DTW + Hungarian,False,500,500,0,0.0,500,500,0,1.0,1.0,0.054276860903081925,0.2279251256535258,380.332,418.20000000000005,74.20372975000646,500,0,0,0,0,1.0,0.0,0.0,0.0,0.0,1.0,28.248,0.0,0.0,0.0,0.0,0.0,,0.0,0.0,47.97560779779451,25.71216539014131,0.0,0.5135158120538108,74.20128899998963,47.97560779779451,0.5135158120538108
20260910_091432_644397,e610fe6ca1908a92c221bf120251fee8342335c2a10ac8f03de4bc913741356f,8,2187632439,1367392770,2187632439,8,500,50,60,5,30,10.0,120,current,Optimized Pattern Generator,dynamic_session,Dynamic Session Pattern Assignment,50,6,360,ff4c4a47c2af9a95e14d74a8f98784a644f61c7392790fd9e8e1708a17e1125d,50,6.0,42.91428571428571,1.0,1.0,True,20,6,30,3699990505,9d1563fe8cfe376ecff9ae8d530b79ae32e3f945357e9bd953686c9e1fbfde83,True,bayesian_windowed,A3) Two-Stage Bayesian Posterior + Hungarian,False,500,500,0,0.0,500,493,0,0.986,0.986,0.6202338582010826,1.8449010222920228,380.332,418.20000000000005,55.96753266698215,500,0,0,0,0,1.0,0.0,0.0,0.0,0.0,1.0,28.248,0.0,0.0,0.0,0.0,0.0,,0.0,0.0,46.7597672547563,8.760610837081913,0.0,0.4448028251645155,55.965180917002726,46.7597672547563,0.4448028251645155
20260910_091432_644397,e610fe6ca1908a92c221bf120251fee8342335c2a10ac8f03de4bc913741356f,9,2187632440,1421914804,2187632440,9,500,50,60,5,30,10.0,120,current,Optimized Pattern Generator,dynamic_session,Dynamic Session Pattern Assignment,50,6,360,009402b1b61eec1684825781080091dfab9a2f8f3a2bbd53d2c52be6a9b770e7,50,4.0,42.037551020408166,1.0,1.0,True,20,6,30,3699990502,97b8f9b5f07692c6079890c06cb84322017720382fe143cf49b805d58d1d4012,True,time_only_baseline,A0) Time Prior + Hungarian (Baseline),False,500,500,0,0.0,500,357,0,0.714,0.714,1.2576002714999999,7.3000000300000005,382.222,418.0,48.11848054098664,500,0,0,0,0,1.0,0.0,0.0,0.0,0.0,1.0,28.51,0.0,0.0,0.0,0.0,0.0,,0.0,0.0,47.63252295739949,0.031226209714077413,0.0,0.452473291894421,48.116222459007986,47.63252295739949,0.452473291894421
20260910_091432_644397,e610fe6ca1908a92c221bf120251fee8342335c2a10ac8f03de4bc913741356f,9,2187632440,1233724820,2187632440,9,500,50,60,5,30,10.0,120,current,Optimized Pattern Generator,dynamic_session,Dynamic Session Pattern Assignment,50,6,360,009402b1b61eec1684825781080091dfab9a2f8f3a2bbd53d2c52be6a9b770e7,50,4.0,42.037551020408166,1.0,1.0,True,20,6,30,3699990502,97b8f9b5f07692c6079890c06cb84322017720382fe143cf49b805d58d1d4012,True,single_only,A1) Refined Cost + Greedy 1:1,True,500,500,0,0.0,500,482,0,0.964,0.964,0.7980234785242443,2.7176972360882226,382.222,418.0,58.73679600004107,500,0,0,0,0,1.0,0.0,0.0,0.0,0.0,1.0,28.51,0.0,0.0,0.0,0.0,0.0,,0.0,0.0,48.06905728124548,10.216995832626708,0.0,0.4482219281489961,58.73427504202118,48.06905728124548,0.4482219281489961
20260910_091432_644397,e610fe6ca1908a92c221bf120251fee8342335c2a10ac8f03de4bc913741356f,9,2187632440,2184921361,2187632440,9,500,50,60,5,30,10.0,120,current,Optimized Pattern Generator,dynamic_session,Dynamic Session Pattern Assignment,50,6,360,009402b1b61eec1684825781080091dfab9a2f8f3a2bbd53d2c52be6a9b770e7,50,4.0,42.037551020408166,1.0,1.0,True,20,6,30,3699990502,97b8f9b5f07692c6079890c06cb84322017720382fe143cf49b805d58d1d4012,True,nomura_original_interval_hungarian,A2) Corr+DTW + Hungarian,False,500,500,0,0.0,500,500,0,1.0,1.0,0.05401744610345084,0.25956999885308485,382.222,418.0,74.16737195895985,500,0,0,0,0,1.0,0.0,0.0,0.0,0.0,1.0,28.51,0.0,0.0,0.0,0.0,0.0,,0.0,0.0,47.99630336416885,25.701901862281375,0.0,0.4663130235276185,74.16451824997785,47.99630336416885,0.4663130235276185
20260910_091432_644397,e610fe6ca1908a92c221bf120251fee8342335c2a10ac8f03de4bc913741356f,9,2187632440,1367392781,2187632440,9,500,50,60,5,30,10.0,120,current,Optimized Pattern Generator,dynamic_session,Dynamic Session Pattern Assignment,50,6,360,009402b1b61eec1684825781080091dfab9a2f8f3a2bbd53d2c52be6a9b770e7,50,4.0,42.037551020408166,1.0,1.0,True,20,6,30,3699990502,97b8f9b5f07692c6079890c06cb84322017720382fe143cf49b805d58d1d4012,True,bayesian_windowed,A3) Two-Stage Bayesian Posterior + Hungarian,False,500,500,0,0.0,500,491,0,0.982,0.982,0.596636582044685,1.8601750968921233,382.222,418.0,57.30841095803771,500,0,0,0,0,1.0,0.0,0.0,0.0,0.0,1.0,28.51,0.0,0.0,0.0,0.0,0.0,,0.0,0.0,47.90076064749155,8.940149954461958,0.0,0.46477402304299176,57.3056846249965,47.90076064749155,0.46477402304299176
20260910_091432_644397,e610fe6ca1908a92c221bf120251fee8342335c2a10ac8f03de4bc913741356f,10,2187632441,1421914805,2187632441,10,500,50,60,5,30,10.0,120,current,Optimized Pattern Generator,dynamic_session,Dynamic Session Pattern Assignment,50,6,360,3522309621aa2b36b5e6ce75d5150a112e30f8e52364a43ca75cb9011027789c,50,7.0,40.38938775510204,1.0,1.0,True,20,6,30,3699990503,7f438bf4da19bb161a036f6f7dbb89a0afac099e1442b6c098e6110a48465512,True,time_only_baseline,A0) Time Prior + Hungarian (Baseline),False,500,500,0,0.0,500,363,0,0.726,0.726,1.2514002702000002,8.10000023,381.852,420.0,47.40518020797754,500,0,0,0,0,1.0,0.0,0.0,0.0,0.0,1.0,28.326,0.0,0.0,0.0,0.0,0.0,,0.0,0.0,46.89815379935317,0.03062466613482684,0.0,0.4739737844793126,47.40275224996731,46.89815379935317,0.4739737844793126
20260910_091432_644397,e610fe6ca1908a92c221bf120251fee8342335c2a10ac8f03de4bc913741356f,10,2187632441,1233724821,2187632441,10,500,50,60,5,30,10.0,120,current,Optimized Pattern Generator,dynamic_session,Dynamic Session Pattern Assignment,50,6,360,3522309621aa2b36b5e6ce75d5150a112e30f8e52364a43ca75cb9011027789c,50,7.0,40.38938775510204,1.0,1.0,True,20,6,30,3699990503,7f438bf4da19bb161a036f6f7dbb89a0afac099e1442b6c098e6110a48465512,True,single_only,A1) Refined Cost + Greedy 1:1,True,500,500,0,0.0,500,482,0,0.964,0.964,0.8622542832766349,2.441888677384673,381.852,420.0,57.82318520802073,500,0,0,0,0,1.0,0.0,0.0,0.0,0.0,1.0,28.326,0.0,0.0,0.0,0.0,0.0,,0.0,0.0,47.25610916002188,10.092924545693677,0.0,0.47087025229120627,57.81990395800676,47.25610916002188,0.47087025229120627
20260910_091432_644397,e610fe6ca1908a92c221bf120251fee8342335c2a10ac8f03de4bc913741356f,10,2187632441,2184921360,2187632441,10,500,50,60,5,30,10.0,120,current,Optimized Pattern Generator,dynamic_session,Dynamic Session Pattern Assignment,50,6,360,3522309621aa2b36b5e6ce75d5150a112e30f8e52364a43ca75cb9011027789c,50,7.0,40.38938775510204,1.0,1.0,True,20,6,30,3699990503,7f438bf4da19bb161a036f6f7dbb89a0afac099e1442b6c098e6110a48465512,True,nomura_original_interval_hungarian,A2) Corr+DTW + Hungarian,False,500,500,0,0.0,500,500,0,1.0,1.0,0.061994099447187284,0.2352613657990882,381.852,420.0,73.60858045797795,500,0,0,0,0,1.0,0.0,0.0,0.0,0.0,1.0,28.326,0.0,0.0,0.0,0.0,0.0,,0.0,0.0,47.64575317280833,25.512868455669377,0.0,0.44715103751514107,73.60577266599284,47.64575317280833,0.44715103751514107
20260910_091432_644397,e610fe6ca1908a92c221bf120251fee8342335c2a10ac8f03de4bc913741356f,10,2187632441,1367392780,2187632441,10,500,50,60,5,30,10.0,120,current,Optimized Pattern Generator,dynamic_session,Dynamic Session Pattern Assignment,50,6,360,3522309621aa2b36b5e6ce75d5150a112e30f8e52364a43ca75cb9011027789c,50,7.0,40.38938775510204,1.0,1.0,True,20,6,30,3699990503,7f438bf4da19bb161a036f6f7dbb89a0afac099e1442b6c098e6110a48465512,True,bayesian_windowed,A3) Two-Stage Bayesian Posterior + Hungarian,False,500,500,0,0.0,500,485,0,0.97,0.97,0.535748926694459,2.014924850174785,381.852,420.0,57.26632541703293,500,0,0,0,0,1.0,0.0,0.0,0.0,0.0,1.0,28.326,0.0,0.0,0.0,0.0,0.0,,0.0,0.0,47.90898116619792,8.901588098611683,0.0,0.45307515119202435,57.263644416001625,47.90898116619792,0.45307515119202435
20260910_091432_644397,e610fe6ca1908a92c221bf120251fee8342335c2a10ac8f03de4bc913741356f,11,2187632442,1421914806,2187632442,11,500,50,60,5,30,10.0,120,current,Optimized Pattern Generator,dynamic_session,Dynamic Session Pattern Assignment,50,6,360,8534b69413647085b8c9b5270ab08e469ab2c47f265f1fef1c2e7c2f8c0ca053,50,8.0,40.42448979591837,1.0,1.0,True,20,6,30,3699990500,1f868a9fa35c6aff403a3182cfc5ba250e52da38af427ac7b57b49c9df886546,True,time_only_baseline,A0) Time Prior + Hungarian (Baseline),False,500,500,0,0.0,500,348,0,0.696,0.696,1.2740002749200001,7.50000045,382.092,420.1,47.35448370897211,500,0,0,0,0,1.0,0.0,0.0,0.0,0.0,1.0,27.664,0.0,0.0,0.0,0.0,0.0,,0.0,0.0,46.85810375784058,0.031448841153178364,0.0,0.4622590679791756,47.351811666972935,46.85810375784058,0.4622590679791756
20260910_091432_644397,e610fe6ca1908a92c221bf120251fee8342335c2a10ac8f03de4bc913741356f,11,2187632442,1233724822,2187632442,11,500,50,60,5,30,10.0,120,current,Optimized Pattern Generator,dynamic_session,Dynamic Session Pattern Assignment,50,6,360,8534b69413647085b8c9b5270ab08e469ab2c47f265f1fef1c2e7c2f8c0ca053,50,8.0,40.42448979591837,1.0,1.0,True,20,6,30,3699990500,1f868a9fa35c6aff403a3182cfc5ba250e52da38af427ac7b57b49c9df886546,True,single_only,A1) Refined Cost + Greedy 1:1,True,500,500,0,0.0,500,484,0,0.968,0.968,0.8935819013046532,2.8306852680844137,382.092,420.1,57.35257641697535,500,0,0,0,0,1.0,0.0,0.0,0.0,0.0,1.0,27.664,0.0,0.0,0.0,0.0,0.0,,0.0,0.0,46.84271515219007,10.03221385658253,0.0,0.4753847832325846,57.35031379200518,46.84271515219007,0.4753847832325846
20260910_091432_644397,e610fe6ca1908a92c221bf120251fee8342335c2a10ac8f03de4bc913741356f,11,2187632442,2184921363,2187632442,11,500,50,60,5,30,10.0,120,current,Optimized Pattern Generator,dynamic_session,Dynamic Session Pattern Assignment,50,6,360,8534b69413647085b8c9b5270ab08e469ab2c47f265f1fef1c2e7c2f8c0ca053,50,8.0,40.42448979591837,1.0,1.0,True,20,6,30,3699990500,1f868a9fa35c6aff403a3182cfc5ba250e52da38af427ac7b57b49c9df886546,True,nomura_original_interval_hungarian,A2) Corr+DTW + Hungarian,False,500,500,0,0.0,500,500,0,1.0,1.0,0.06143280836034305,0.20666942554957007,382.092,420.1,72.13453745801235,500,0,0,0,0,1.0,0.0,0.0,0.0,0.0,1.0,27.664,0.0,0.0,0.0,0.0,0.0,,0.0,0.0,46.66806561942212,24.98611912492197,0.0,0.47796071466291323,72.132145459007,46.66806561942212,0.47796071466291323
20260910_091432_644397,e610fe6ca1908a92c221bf120251fee8342335c2a10ac8f03de4bc913741356f,11,2187632442,1367392783,2187632442,11,500,50,60,5,30,10.0,120,current,Optimized Pattern Generator,dynamic_session,Dynamic Session Pattern Assignment,50,6,360,8534b69413647085b8c9b5270ab08e469ab2c47f265f1fef1c2e7c2f8c0ca053,50,8.0,40.42448979591837,1.0,1.0,True,20,6,30,3699990500,1f868a9fa35c6aff403a3182cfc5ba250e52da38af427ac7b57b49c9df886546,True,bayesian_windowed,A3) Two-Stage Bayesian Posterior + Hungarian,False,500,500,0,0.0,500,488,0,0.976,0.976,0.5328548353252252,1.9852946564577727,382.092,420.1,54.76116341695888,500,0,0,0,0,1.0,0.0,0.0,0.0,0.0,1.0,27.664,0.0,0.0,0.0,0.0,0.0,,0.0,0.0,45.70862700854195,8.600090655498207,0.0,0.44941491895588115,54.75813258299604,45.70862700854195,0.44941491895588115
20260910_091432_644397,e610fe6ca1908a92c221bf120251fee8342335c2a10ac8f03de4bc913741356f,12,2187632443,1421914807,2187632443,12,500,50,60,5,30,10.0,120,current,Optimized Pattern Generator,dynamic_session,Dynamic Session Pattern Assignment,50,6,360,10c9f7e9e5cfed703c39f682dbb2460d5a62560322539c94771de24df39fad29,50,7.0,41.46775510204082,1.0,1.0,True,20,6,30,3699990501,8d8a310ee7f74235f7ac4db267e39f5df22dc27e7222f10978b751723fe35d41,True,time_only_baseline,A0) Time Prior + Hungarian (Baseline),False,500,500,0,0.0,500,340,0,0.68,0.68,1.2812002693200002,8.30000038,382.004,420.1,47.274097833025735,500,0,0,0,0,1.0,0.0,0.0,0.0,0.0,1.0,28.102,0.0,0.0,0.0,0.0,0.0,,0.0,0.0,46.78092891193228,0.030612536647822708,0.0,0.45958605146734044,47.27112750004744,46.78092891193228,0.45958605146734044
20260910_091432_644397,e610fe6ca1908a92c221bf120251fee8342335c2a10ac8f03de4bc913741356f,12,2187632443,1233724823,2187632443,12,500,50,60,5,30,10.0,120,current,Optimized Pattern Generator,dynamic_session,Dynamic Session Pattern Assignment,50,6,360,10c9f7e9e5cfed703c39f682dbb2460d5a62560322539c94771de24df39fad29,50,7.0,41.46775510204082,1.0,1.0,True,20,6,30,3699990501,8d8a310ee7f74235f7ac4db267e39f5df22dc27e7222f10978b751723fe35d41,True,single_only,A1) Refined Cost + Greedy 1:1,True,500,500,0,0.0,500,484,0,0.968,0.968,0.8087131015226757,2.2832378838803127,382.004,420.1,58.73444858303992,500,0,0,0,0,1.0,0.0,0.0,0.0,0.0,1.0,28.102,0.0,0.0,0.0,0.0,0.0,,0.0,0.0,48.094276943360455,10.180696974683087,0.0,0.4569538729265332,58.731927790970076,48.094276943360455,0.4569538729265332
20260910_091432_644397,e610fe6ca1908a92c221bf120251fee8342335c2a10ac8f03de4bc913741356f,12,2187632443,2184921362,2187632443,12,500,50,60,5,30,10.0,120,current,Optimized Pattern Generator,dynamic_session,Dynamic Session Pattern Assignment,50,6,360,10c9f7e9e5cfed703c39f682dbb2460d5a62560322539c94771de24df39fad29,50,7.0,41.46775510204082,1.0,1.0,True,20,6,30,3699990501,8d8a310ee7f74235f7ac4db267e39f5df22dc27e7222f10978b751723fe35d41,True,nomura_original_interval_hungarian,A2) Corr+DTW + Hungarian,False,500,500,0,0.0,500,500,0,1.0,1.0,0.058227195813566265,0.28213742610281656,382.004,420.1,73.91942837496754,500,0,0,0,0,1.0,0.0,0.0,0.0,0.0,1.0,28.102,0.0,0.0,0.0,0.0,0.0,,0.0,0.0,47.94771175732603,25.493217441719025,0.0,0.4761040509911254,73.91703325003618,47.94771175732603,0.4761040509911254
20260910_091432_644397,e610fe6ca1908a92c221bf120251fee8342335c2a10ac8f03de4bc913741356f,12,2187632443,1367392782,2187632443,12,500,50,60,5,30,10.0,120,current,Optimized Pattern Generator,dynamic_session,Dynamic Session Pattern Assignment,50,6,360,10c9f7e9e5cfed703c39f682dbb2460d5a62560322539c94771de24df39fad29,50,7.0,41.46775510204082,1.0,1.0,True,20,6,30,3699990501,8d8a310ee7f74235f7ac4db267e39f5df22dc27e7222f10978b751723fe35d41,True,bayesian_windowed,A3) Two-Stage Bayesian Posterior + Hungarian,False,500,500,0,0.0,500,489,0,0.978,0.978,0.5746550292895751,1.7878199920443105,382.004,420.1,56.59394166700076,500,0,0,0,0,1.0,0.0,0.0,0.0,0.0,1.0,28.102,0.0,0.0,0.0,0.0,0.0,,0.0,0.0,47.361092824605294,8.770318791852333,0.0,0.4594810505514033,56.59089266700903,47.361092824605294,0.4594810505514033
20260910_091432_644397,e610fe6ca1908a92c221bf120251fee8342335c2a10ac8f03de4bc913741356f,13,2187632444,1421914800,2187632444,13,500,50,60,5,30,10.0,120,current,Optimized Pattern Generator,dynamic_session,Dynamic Session Pattern Assignment,50,6,360,dab6a89ff6292a73f267137ee625dcc5b33e8e7943caa3e8c3f87f577fa1e0b8,50,10.0,42.62122448979592,1.0,1.0,True,20,6,30,3699990498,cec5b6a7550cbc1d5571d7b6049fcba0ee1818cb18de44c322131fae88e07920,True,time_only_baseline,A0) Time Prior + Hungarian (Baseline),False,500,500,0,0.0,500,357,0,0.714,0.714,1.20140027088,7.6000004400000005,381.578,420.1,49.192055082996376,500,0,0,0,0,1.0,0.0,0.0,0.0,0.0,1.0,28.644,0.0,0.0,0.0,0.0,0.0,,0.0,0.0,48.70396953285672,0.031974382407497615,0.0,0.4537942507304251,49.18973816599464,48.70396953285672,0.4537942507304251
20260910_091432_644397,e610fe6ca1908a92c221bf120251fee8342335c2a10ac8f03de4bc913741356f,13,2187632444,1233724816,2187632444,13,500,50,60,5,30,10.0,120,current,Optimized Pattern Generator,dynamic_session,Dynamic Session Pattern Assignment,50,6,360,dab6a89ff6292a73f267137ee625dcc5b33e8e7943caa3e8c3f87f577fa1e0b8,50,10.0,42.62122448979592,1.0,1.0,True,20,6,30,3699990498,cec5b6a7550cbc1d5571d7b6049fcba0ee1818cb18de44c322131fae88e07920,True,single_only,A1) Refined Cost + Greedy 1:1,True,500,500,0,0.0,500,484,0,0.968,0.968,0.8207472294244003,2.5037798248556475,381.578,420.1,59.29452733299695,500,0,0,0,0,1.0,0.0,0.0,0.0,0.0,1.0,28.644,0.0,0.0,0.0,0.0,0.0,,0.0,0.0,48.49496087519219,10.3410331326304,0.0,0.4554524921695702,59.29144649999216,48.49496087519219,0.4554524921695702
20260910_091432_644397,e610fe6ca1908a92c221bf120251fee8342335c2a10ac8f03de4bc913741356f,13,2187632444,2184921365,2187632444,13,500,50,60,5,30,10.0,120,current,Optimized Pattern Generator,dynamic_session,Dynamic Session Pattern Assignment,50,6,360,dab6a89ff6292a73f267137ee625dcc5b33e8e7943caa3e8c3f87f577fa1e0b8,50,10.0,42.62122448979592,1.0,1.0,True,20,6,30,3699990498,cec5b6a7550cbc1d5571d7b6049fcba0ee1818cb18de44c322131fae88e07920,True,nomura_original_interval_hungarian,A2) Corr+DTW + Hungarian,False,500,500,0,0.0,500,500,0,1.0,1.0,0.055032490332559705,0.2391735998354427,381.578,420.1,81.03517587500392,500,0,0,0,0,1.0,0.0,0.0,0.0,0.0,1.0,28.644,0.0,0.0,0.0,0.0,0.0,,0.0,0.0,52.82161024340894,27.655885204207152,0.0,0.5547744693467394,81.03226991696283,52.82161024340894,0.5547744693467394
20260910_091432_644397,e610fe6ca1908a92c221bf120251fee8342335c2a10ac8f03de4bc913741356f,13,2187632444,1367392777,2187632444,13,500,50,60,5,30,10.0,120,current,Optimized Pattern Generator,dynamic_session,Dynamic Session Pattern Assignment,50,6,360,dab6a89ff6292a73f267137ee625dcc5b33e8e7943caa3e8c3f87f577fa1e0b8,50,10.0,42.62122448979592,1.0,1.0,True,20,6,30,3699990498,cec5b6a7550cbc1d5571d7b6049fcba0ee1818cb18de44c322131fae88e07920,True,bayesian_windowed,A3) Two-Stage Bayesian Posterior + Hungarian,False,500,500,0,0.0,500,488,0,0.976,0.976,0.5763257462197673,1.8792875714508301,381.578,420.1,57.68724754097639,500,0,0,0,0,1.0,0.0,0.0,0.0,0.0,1.0,28.644,0.0,0.0,0.0,0.0,0.0,,0.0,0.0,48.21601100289263,9.013589583395515,0.0,0.4549679547199048,57.68456854100805,48.21601100289263,0.4549679547199048
20260910_091432_644397,e610fe6ca1908a92c221bf120251fee8342335c2a10ac8f03de4bc913741356f,14,2187632445,1421914801,2187632445,14,500,50,60,5,30,10.0,120,current,Optimized Pattern Generator,dynamic_session,Dynamic Session Pattern Assignment,50,6,360,0d25ee4e95dabf20f09d67e5981c2b54c2c8d35071ffc24423cdc89b795336d7,50,10.0,43.797551020408164,1.0,1.0,True,20,6,30,3699990499,2617cc83d34432e9adde3bf6b7dfde9eaf914b74a2f877bc90d1950ad3b2d628,True,time_only_baseline,A0) Time Prior + Hungarian (Baseline),False,500,500,0,0.0,500,353,0,0.706,0.706,1.2582002804999999,8.700000330000002,381.848,420.1,44.33927191700786,500,0,0,0,0,1.0,0.0,0.0,0.0,0.0,1.0,28.734,0.0,0.0,0.0,0.0,0.0,,0.0,0.0,43.89043924637372,0.027652937453240156,0.0,0.41903319116681814,44.337125374993775,43.89043924637372,0.41903319116681814
20260910_091432_644397,e610fe6ca1908a92c221bf120251fee8342335c2a10ac8f03de4bc913741356f,14,2187632445,1233724817,2187632445,14,500,50,60,5,30,10.0,120,current,Optimized Pattern Generator,dynamic_session,Dynamic Session Pattern Assignment,50,6,360,0d25ee4e95dabf20f09d67e5981c2b54c2c8d35071ffc24423cdc89b795336d7,50,10.0,43.797551020408164,1.0,1.0,True,20,6,30,3699990499,2617cc83d34432e9adde3bf6b7dfde9eaf914b74a2f877bc90d1950ad3b2d628,True,single_only,A1) Refined Cost + Greedy 1:1,True,500,500,0,0.0,500,485,0,0.97,0.97,0.8688264944490538,2.3024823148592133,381.848,420.1,54.29266762500629,500,0,0,0,0,1.0,0.0,0.0,0.0,0.0,1.0,28.734,0.0,0.0,0.0,0.0,0.0,,0.0,0.0,44.3259514629608,9.551388488907833,0.0,0.41288054815959185,54.29022050002823,44.3259514629608,0.41288054815959185
20260910_091432_644397,e610fe6ca1908a92c221bf120251fee8342335c2a10ac8f03de4bc913741356f,14,2187632445,2184921364,2187632445,14,500,50,60,5,30,10.0,120,current,Optimized Pattern Generator,dynamic_session,Dynamic Session Pattern Assignment,50,6,360,0d25ee4e95dabf20f09d67e5981c2b54c2c8d35071ffc24423cdc89b795336d7,50,10.0,43.797551020408164,1.0,1.0,True,20,6,30,3699990499,2617cc83d34432e9adde3bf6b7dfde9eaf914b74a2f877bc90d1950ad3b2d628,True,nomura_original_interval_hungarian,A2) Corr+DTW + Hungarian,False,500,500,0,0.0,500,500,0,1.0,1.0,0.058722566977603835,0.22636494467864976,381.848,420.1,73.25861212500604,500,0,0,0,0,1.0,0.0,0.0,0.0,0.0,1.0,28.734,0.0,0.0,0.0,0.0,0.0,,0.0,0.0,47.42396357783582,25.4027297841385,0.0,0.4293162210378796,73.2560095830122,47.42396357783582,0.4293162210378796
20260910_091432_644397,e610fe6ca1908a92c221bf120251fee8342335c2a10ac8f03de4bc913741356f,14,2187632445,1367392776,2187632445,14,500,50,60,5,30,10.0,120,current,Optimized Pattern Generator,dynamic_session,Dynamic Session Pattern Assignment,50,6,360,0d25ee4e95dabf20f09d67e5981c2b54c2c8d35071ffc24423cdc89b795336d7,50,10.0,43.797551020408164,1.0,1.0,True,20,6,30,3699990499,2617cc83d34432e9adde3bf6b7dfde9eaf914b74a2f877bc90d1950ad3b2d628,True,bayesian_windowed,A3) Two-Stage Bayesian Posterior + Hungarian,False,500,500,0,0.0,500,488,0,0.976,0.976,0.5549838199275876,1.7752175067561728,381.848,420.1,59.09873420797521,500,0,0,0,0,1.0,0.0,0.0,0.0,0.0,1.0,28.734,0.0,0.0,0.0,0.0,0.0,,0.0,0.0,49.44133194646565,9.201411912741605,0.0,0.4534728488069959,59.09621670801425,49.44133194646565,0.4534728488069959
20260910_091432_644397,e610fe6ca1908a92c221bf120251fee8342335c2a10ac8f03de4bc913741356f,15,2187632446,1421914802,2187632446,15,500,50,60,5,30,10.0,120,current,Optimized Pattern Generator,dynamic_session,Dynamic Session Pattern Assignment,50,6,360,fb599f61ba4b4dac97f7ad544e8a43973d5cce79d41ed2b4e150b61742890a46,50,11.0,41.926530612244896,1.0,1.0,True,20,6,30,3699990496,718fe492816da635b0a39edb1591db3b00b9b67863be0a7834201600b578ee4f,True,time_only_baseline,A0) Time Prior + Hungarian (Baseline),False,500,500,0,0.0,500,363,0,0.726,0.726,1.2110002807400002,8.400000310000001,380.156,412.1,53.46838462498272,500,0,0,0,0,1.0,0.0,0.0,0.0,0.0,1.0,28.76,0.0,0.0,0.0,0.0,0.0,,0.0,0.0,52.951997426804155,0.03459895489504561,0.0,0.4789872433175333,53.465583625016734,52.951997426804155,0.4789872433175333
20260910_091432_644397,e610fe6ca1908a92c221bf120251fee8342335c2a10ac8f03de4bc913741356f,15,2187632446,1233724818,2187632446,15,500,50,60,5,30,10.0,120,current,Optimized Pattern Generator,dynamic_session,Dynamic Session Pattern Assignment,50,6,360,fb599f61ba4b4dac97f7ad544e8a43973d5cce79d41ed2b4e150b61742890a46,50,11.0,41.926530612244896,1.0,1.0,True,20,6,30,3699990496,718fe492816da635b0a39edb1591db3b00b9b67863be0a7834201600b578ee4f,True,single_only,A1) Refined Cost + Greedy 1:1,True,500,500,0,0.0,500,491,0,0.982,0.982,0.8391239599476709,2.192562889846795,380.156,412.1,82.59993337502237,500,0,0,0,0,1.0,0.0,0.0,0.0,0.0,1.0,28.76,0.0,0.0,0.0,0.0,0.0,,0.0,0.0,68.24428886832902,13.878504879714455,0.0,0.47292100195772946,82.5957147500012,68.24428886832902,0.47292100195772946
20260910_091432_644397,e610fe6ca1908a92c221bf120251fee8342335c2a10ac8f03de4bc913741356f,15,2187632446,2184921367,2187632446,15,500,50,60,5,30,10.0,120,current,Optimized Pattern Generator,dynamic_session,Dynamic Session Pattern Assignment,50,6,360,fb599f61ba4b4dac97f7ad544e8a43973d5cce79d41ed2b4e150b61742890a46,50,11.0,41.926530612244896,1.0,1.0,True,20,6,30,3699990496,718fe492816da635b0a39edb1591db3b00b9b67863be0a7834201600b578ee4f,True,nomura_original_interval_hungarian,A2) Corr+DTW + Hungarian,False,500,500,0,0.0,500,500,0,1.0,1.0,0.05325977741606818,0.19879569599346816,380.156,412.1,83.59345837496221,500,0,0,0,0,1.0,0.0,0.0,0.0,0.0,1.0,28.76,0.0,0.0,0.0,0.0,0.0,,0.0,0.0,54.58904720272403,28.300172283605207,0.0,0.7016296806395985,83.59084916696884,54.58904720272403,0.7016296806395985
20260910_091432_644397,e610fe6ca1908a92c221bf120251fee8342335c2a10ac8f03de4bc913741356f,15,2187632446,1367392779,2187632446,15,500,50,60,5,30,10.0,120,current,Optimized Pattern Generator,dynamic_session,Dynamic Session Pattern Assignment,50,6,360,fb599f61ba4b4dac97f7ad544e8a43973d5cce79d41ed2b4e150b61742890a46,50,11.0,41.926530612244896,1.0,1.0,True,20,6,30,3699990496,718fe492816da635b0a39edb1591db3b00b9b67863be0a7834201600b578ee4f,True,bayesian_windowed,A3) Two-Stage Bayesian Posterior + Hungarian,False,500,500,0,0.0,500,496,0,0.992,0.992,0.6833745787956773,1.8265122627029866,380.156,412.1,53.628289333952125,500,0,0,0,0,1.0,0.0,0.0,0.0,0.0,1.0,28.76,0.0,0.0,0.0,0.0,0.0,,0.0,0.0,44.72335286164889,8.471566712425556,0.0,0.43105521792313084,53.62597479199758,44.72335286164889,0.43105521792313084
20260910_091432_644397,e610fe6ca1908a92c221bf120251fee8342335c2a10ac8f03de4bc913741356f,16,2187632447,1421914803,2187632447,16,500,50,60,5,30,10.0,120,current,Optimized Pattern Generator,dynamic_session,Dynamic Session Pattern Assignment,50,6,360,da08701f33c67af0d64c8381f2fdaa08c2e5f80aa5369171f0752d4b1dda2843,50,6.0,41.31265306122449,1.0,1.0,True,20,6,30,3699990497,9a1f2156e5ebc7b227a4077f8c23c6702b155de6234c6163c34945ba9c8cebf5,True,time_only_baseline,A0) Time Prior + Hungarian (Baseline),False,500,500,0,0.0,500,379,0,0.758,0.758,1.2412002652,7.800000390000001,381.71,417.0,44.4192732090014,500,0,0,0,0,1.0,0.0,0.0,0.0,0.0,1.0,27.652,0.0,0.0,0.0,0.0,0.0,,0.0,0.0,43.95211655390449,0.028555818367749453,0.0,0.4356887107132934,44.41636108298553,43.95211655390449,0.4356887107132934
20260910_091432_644397,e610fe6ca1908a92c221bf120251fee8342335c2a10ac8f03de4bc913741356f,16,2187632447,1233724819,2187632447,16,500,50,60,5,30,10.0,120,current,Optimized Pattern Generator,dynamic_session,Dynamic Session Pattern Assignment,50,6,360,da08701f33c67af0d64c8381f2fdaa08c2e5f80aa5369171f0752d4b1dda2843,50,6.0,41.31265306122449,1.0,1.0,True,20,6,30,3699990497,9a1f2156e5ebc7b227a4077f8c23c6702b155de6234c6163c34945ba9c8cebf5,True,single_only,A1) Refined Cost + Greedy 1:1,True,500,500,0,0.0,500,488,0,0.976,0.976,0.8573705180617276,2.3039390881451194,381.71,417.0,54.4162306250073,500,0,0,0,0,1.0,0.0,0.0,0.0,0.0,1.0,27.652,0.0,0.0,0.0,0.0,0.0,,0.0,0.0,44.27642595383804,9.68045915098628,0.0,0.45679618715075776,54.41368129197508,44.27642595383804,0.45679618715075776
20260910_091432_644397,e610fe6ca1908a92c221bf120251fee8342335c2a10ac8f03de4bc913741356f,16,2187632447,2184921366,2187632447,16,500,50,60,5,30,10.0,120,current,Optimized Pattern Generator,dynamic_session,Dynamic Session Pattern Assignment,50,6,360,da08701f33c67af0d64c8381f2fdaa08c2e5f80aa5369171f0752d4b1dda2843,50,6.0,41.31265306122449,1.0,1.0,True,20,6,30,3699990497,9a1f2156e5ebc7b227a4077f8c23c6702b155de6234c6163c34945ba9c8cebf5,True,nomura_original_interval_hungarian,A2) Corr+DTW + Hungarian,False,500,500,0,0.0,500,500,0,1.0,1.0,0.05933574417752366,0.23479023005299016,381.71,417.0,68.9778266249923,500,0,0,0,0,1.0,0.0,0.0,0.0,0.0,1.0,27.652,0.0,0.0,0.0,0.0,0.0,,0.0,0.0,44.36223428562516,24.17228173284093,0.0,0.44073743955232203,68.97525345801841,44.36223428562516,0.44073743955232203
20260910_091432_644397,e610fe6ca1908a92c221bf120251fee8342335c2a10ac8f03de4bc913741356f,16,2187632447,1367392778,2187632447,16,500,50,60,5,30,10.0,120,current,Optimized Pattern Generator,dynamic_session,Dynamic Session Pattern Assignment,50,6,360,da08701f33c67af0d64c8381f2fdaa08c2e5f80aa5369171f0752d4b1dda2843,50,6.0,41.31265306122449,1.0,1.0,True,20,6,30,3699990497,9a1f2156e5ebc7b227a4077f8c23c6702b155de6234c6163c34945ba9c8cebf5,True,bayesian_windowed,A3) Two-Stage Bayesian Posterior + Hungarian,False,500,500,0,0.0,500,493,0,0.986,0.986,0.5262103962246013,1.63326270594886,381.71,417.0,56.05556141596753,500,0,0,0,0,1.0,0.0,0.0,0.0,0.0,1.0,27.652,0.0,0.0,0.0,0.0,0.0,,0.0,0.0,46.87583033298142,8.731217500986531,0.0,0.44562154106097296,56.05266937502893,46.87583033298142,0.44562154106097296
20260910_091432_644397,e610fe6ca1908a92c221bf120251fee8342335c2a10ac8f03de4bc913741356f,17,2187632448,1421914828,2187632448,17,500,50,60,5,30,10.0,120,current,Optimized Pattern Generator,dynamic_session,Dynamic Session Pattern Assignment,50,6,360,576508f77d0899c67c1e00cc9330bf28eebde2c278a20da818d52e253a24aec4,50,8.0,42.499591836734695,1.0,1.0,True,20,6,30,3699990430,ed6d19bf133bd15282210eb75381cfc9f5c9cbab621baed5d01632ebf272c7b7,True,time_only_baseline,A0) Time Prior + Hungarian (Baseline),False,500,500,0,0.0,500,364,0,0.728,0.728,1.0950002669,7.8000000400000005,378.61,396.1,44.97071458300343,500,0,0,0,0,1.0,0.0,0.0,0.0,0.0,1.0,28.548,0.0,0.0,0.0,0.0,0.0,,0.0,0.0,44.514057449181564,0.02822616178309545,0.0,0.42610134702408686,44.96838495798875,44.514057449181564,0.42610134702408686
20260910_091432_644397,e610fe6ca1908a92c221bf120251fee8342335c2a10ac8f03de4bc913741356f,17,2187632448,1233724908,2187632448,17,500,50,60,5,30,10.0,120,current,Optimized Pattern Generator,dynamic_session,Dynamic Session Pattern Assignment,50,6,360,576508f77d0899c67c1e00cc9330bf28eebde2c278a20da818d52e253a24aec4,50,8.0,42.499591836734695,1.0,1.0,True,20,6,30,3699990430,ed6d19bf133bd15282210eb75381cfc9f5c9cbab621baed5d01632ebf272c7b7,True,single_only,A1) Refined Cost + Greedy 1:1,True,500,500,0,0.0,500,486,0,0.972,0.972,0.869196997150372,2.6455873420230462,378.61,396.1,56.33040812500985,500,0,0,0,0,1.0,0.0,0.0,0.0,0.0,1.0,28.548,0.0,0.0,0.0,0.0,0.0,,0.0,0.0,45.98148107895395,9.918764439644292,0.0,0.4279224404017441,56.328167958999984,45.98148107895395,0.4279224404017441
20260910_091432_644397,e610fe6ca1908a92c221bf120251fee8342335c2a10ac8f03de4bc913741356f,17,2187632448,2184921449,2187632448,17,500,50,60,5,30,10.0,120,current,Optimized Pattern Generator,dynamic_session,Dynamic Session Pattern Assignment,50,6,360,576508f77d0899c67c1e00cc9330bf28eebde2c278a20da818d52e253a24aec4,50,8.0,42.499591836734695,1.0,1.0,True,20,6,30,3699990430,ed6d19bf133bd15282210eb75381cfc9f5c9cbab621baed5d01632ebf272c7b7,True,nomura_original_interval_hungarian,A2) Corr+DTW + Hungarian,False,500,500,0,0.0,500,499,0,0.998,0.998,0.060843654080899555,0.21415460066433123,378.61,396.1,70.72504145803396,500,0,0,0,0,1.0,0.0,0.0,0.0,0.0,1.0,28.548,0.0,0.0,0.0,0.0,0.0,,0.0,0.0,45.511311169946566,24.75387587561272,0.0,0.4573358714696951,70.72252291702898,45.511311169946566,0.4573358714696951
20260910_091432_644397,e610fe6ca1908a92c221bf120251fee8342335c2a10ac8f03de4bc913741356f,17,2187632448,1367392885,2187632448,17,500,50,60,5,30,10.0,120,current,Optimized Pattern Generator,dynamic_session,Dynamic Session Pattern Assignment,50,6,360,576508f77d0899c67c1e00cc9330bf28eebde2c278a20da818d52e253a24aec4,50,8.0,42.499591836734695,1.0,1.0,True,20,6,30,3699990430,ed6d19bf133bd15282210eb75381cfc9f5c9cbab621baed5d01632ebf272c7b7,True,bayesian_windowed,A3) Two-Stage Bayesian Posterior + Hungarian,False,500,500,0,0.0,500,494,0,0.988,0.988,0.5641143460023369,1.7854524659999778,378.61,396.1,53.651454792008735,500,0,0,0,0,1.0,0.0,0.0,0.0,0.0,1.0,28.548,0.0,0.0,0.0,0.0,0.0,,0.0,0.0,44.731500874389894,8.480114069476258,0.0,0.4373625561129302,53.64897749997908,44.731500874389894,0.4373625561129302
20260910_091432_644397,e610fe6ca1908a92c221bf120251fee8342335c2a10ac8f03de4bc913741356f,18,2187632449,1421914829,2187632449,18,500,50,60,5,30,10.0,120,current,Optimized Pattern Generator,dynamic_session,Dynamic Session Pattern Assignment,50,6,360,3ff560f7f3edb12738d57107991f7787c1d70e765d2bae1044bdb74ae823798e,50,8.0,40.55183673469388,1.0,1.0,True,20,6,30,3699990431,4b6b5a58735a78271867f0645be6417ab9f14a5558d5b2ab09080033c0fd8d74,True,time_only_baseline,A0) Time Prior + Hungarian (Baseline),False,500,500,0,0.0,500,335,0,0.67,0.67,1.14480027948,7.40000049,380.498,415.0,44.42614674998913,500,0,0,0,0,1.0,0.0,0.0,0.0,0.0,1.0,27.744,0.0,0.0,0.0,0.0,0.0,,0.0,0.0,43.964784548501484,0.028538164566271007,0.0,0.43018445395864546,44.4235071670264,43.964784548501484,0.43018445395864546
20260910_091432_644397,e610fe6ca1908a92c221bf120251fee8342335c2a10ac8f03de4bc913741356f,18,2187632449,1233724909,2187632449,18,500,50,60,5,30,10.0,120,current,Optimized Pattern Generator,dynamic_session,Dynamic Session Pattern Assignment,50,6,360,3ff560f7f3edb12738d57107991f7787c1d70e765d2bae1044bdb74ae823798e,50,8.0,40.55183673469388,1.0,1.0,True,20,6,30,3699990431,4b6b5a58735a78271867f0645be6417ab9f14a5558d5b2ab09080033c0fd8d74,True,single_only,A1) Refined Cost + Greedy 1:1,True,500,500,0,0.0,500,486,0,0.972,0.972,0.8616952534927937,2.881246138284843,380.498,415.0,62.097551749960985,500,0,0,0,0,1.0,0.0,0.0,0.0,0.0,1.0,27.744,0.0,0.0,0.0,0.0,0.0,,0.0,0.0,51.08774866559543,10.560426705575082,0.0,0.44510842085583135,62.09328379202634,51.08774866559543,0.44510842085583135
20260910_091432_644397,e610fe6ca1908a92c221bf120251fee8342335c2a10ac8f03de4bc913741356f,18,2187632449,2184921448,2187632449,18,500,50,60,5,30,10.0,120,current,Optimized Pattern Generator,dynamic_session,Dynamic Session Pattern Assignment,50,6,360,3ff560f7f3edb12738d57107991f7787c1d70e765d2bae1044bdb74ae823798e,50,8.0,40.55183673469388,1.0,1.0,True,20,6,30,3699990431,4b6b5a58735a78271867f0645be6417ab9f14a5558d5b2ab09080033c0fd8d74,True,nomura_original_interval_hungarian,A2) Corr+DTW + Hungarian,False,500,500,0,0.0,500,499,0,0.998,0.998,0.05710093683469772,0.23495990317490623,380.498,415.0,136.4323787500034,500,0,0,0,0,1.0,0.0,0.0,0.0,0.0,1.0,27.744,0.0,0.0,0.0,0.0,0.0,,0.0,0.0,95.8528976989328,39.846496881509665,0.0,0.7301905865315348,136.429585166974,95.8528976989328,0.7301905865315348
20260910_091432_644397,e610fe6ca1908a92c221bf120251fee8342335c2a10ac8f03de4bc913741356f,18,2187632449,1367392884,2187632449,18,500,50,60,5,30,10.0,120,current,Optimized Pattern Generator,dynamic_session,Dynamic Session Pattern Assignment,50,6,360,3ff560f7f3edb12738d57107991f7787c1d70e765d2bae1044bdb74ae823798e,50,8.0,40.55183673469388,1.0,1.0,True,20,6,30,3699990431,4b6b5a58735a78271867f0645be6417ab9f14a5558d5b2ab09080033c0fd8d74,True,bayesian_windowed,A3) Two-Stage Bayesian Posterior + Hungarian,False,500,500,0,0.0,500,492,0,0.984,0.984,0.6181127497306258,1.9823817564867632,380.498,415.0,118.874496540986,500,0,0,0,0,1.0,0.0,0.0,0.0,0.0,1.0,27.744,0.0,0.0,0.0,0.0,0.0,,0.0,0.0,102.95823896030197,15.257590460008942,0.0,0.6516325376578607,118.86746195796877,102.95823896030197,0.6516325376578607
20260910_091432_644397,e610fe6ca1908a92c221bf120251fee8342335c2a10ac8f03de4bc913741356f,19,2187632450,1421914830,2187632450,19,500,50,60,5,30,10.0,120,current,Optimized Pattern Generator,dynamic_session,Dynamic Session Pattern Assignment,50,6,360,e70745b8d612d1f30e666e6119b6bd4a5a5d4dba157784d7eb012b61525f2dbc,50,7.0,41.12244897959184,1.0,1.0,True,20,6,30,3699990428,a1151babd480943bbefc95f412b5c0451e762f34eda2ca387d3a27dcc6a44eac,True,time_only_baseline,A0) Time Prior + Hungarian (Baseline),False,500,500,0,0.0,500,346,0,0.692,0.692,1.23360028952,8.50000018,381.644,417.1,81.67254295799648,500,0,0,0,0,1.0,0.0,0.0,0.0,0.0,1.0,28.564,0.0,0.0,0.0,0.0,0.0,,0.0,0.0,80.60500216303626,0.05108152888715267,0.0,1.0140392660396174,81.67012295796303,80.60500216303626,1.0140392660396174
20260910_091432_644397,e610fe6ca1908a92c221bf120251fee8342335c2a10ac8f03de4bc913741356f,19,2187632450,1233724910,2187632450,19,500,50,60,5,30,10.0,120,current,Optimized Pattern Generator,dynamic_session,Dynamic Session Pattern Assignment,50,6,360,e70745b8d612d1f30e666e6119b6bd4a5a5d4dba157784d7eb012b61525f2dbc,50,7.0,41.12244897959184,1.0,1.0,True,20,6,30,3699990428,a1151babd480943bbefc95f412b5c0451e762f34eda2ca387d3a27dcc6a44eac,True,single_only,A1) Refined Cost + Greedy 1:1,True,500,500,0,0.0,500,491,0,0.982,0.982,0.8903015540486461,3.1970251752418513,381.644,417.1,56.99222691601608,500,0,0,0,0,1.0,0.0,0.0,0.0,0.0,1.0,28.564,0.0,0.0,0.0,0.0,0.0,,0.0,0.0,46.52010262449039,9.98047192033846,0.0,0.48942058021202683,56.98999512504088,46.52010262449039,0.48942058021202683
20260910_091432_644397,e610fe6ca1908a92c221bf120251fee8342335c2a10ac8f03de4bc913741356f,19,2187632450,2184921451,2187632450,19,500,50,60,5,30,10.0,120,current,Optimized Pattern Generator,dynamic_session,Dynamic Session Pattern Assignment,50,6,360,e70745b8d612d1f30e666e6119b6bd4a5a5d4dba157784d7eb012b61525f2dbc,50,7.0,41.12244897959184,1.0,1.0,True,20,6,30,3699990428,a1151babd480943bbefc95f412b5c0451e762f34eda2ca387d3a27dcc6a44eac,True,nomura_original_interval_hungarian,A2) Corr+DTW + Hungarian,False,500,500,0,0.0,500,499,0,0.998,0.998,0.05543149840588311,0.20757955520718666,381.644,417.1,71.55455845897086,500,0,0,0,0,1.0,0.0,0.0,0.0,0.0,1.0,28.564,0.0,0.0,0.0,0.0,0.0,,0.0,0.0,46.13437595043797,24.971881173318252,0.0,0.4452049591927789,71.551462082949,46.13437595043797,0.4452049591927789
20260910_091432_644397,e610fe6ca1908a92c221bf120251fee8342335c2a10ac8f03de4bc913741356f,19,2187632450,1367392887,2187632450,19,500,50,60,5,30,10.0,120,current,Optimized Pattern Generator,dynamic_session,Dynamic Session Pattern Assignment,50,6,360,e70745b8d612d1f30e666e6119b6bd4a5a5d4dba157784d7eb012b61525f2dbc,50,7.0,41.12244897959184,1.0,1.0,True,20,6,30,3699990428,a1151babd480943bbefc95f412b5c0451e762f34eda2ca387d3a27dcc6a44eac,True,bayesian_windowed,A3) Two-Stage Bayesian Posterior + Hungarian,False,500,500,0,0.0,500,491,0,0.982,0.982,0.5830214690616352,2.0311148910697154,381.644,417.1,53.976596666965634,500,0,0,0,0,1.0,0.0,0.0,0.0,0.0,1.0,28.564,0.0,0.0,0.0,0.0,0.0,,0.0,0.0,45.0298698823899,8.506860578549094,0.0,0.4375549560645595,53.97428541700356,45.0298698823899,0.4375549560645595
20260910_091432_644397,e610fe6ca1908a92c221bf120251fee8342335c2a10ac8f03de4bc913741356f,20,2187632451,1421914831,2187632451,20,500,50,60,5,30,10.0,120,current,Optimized Pattern Generator,dynamic_session,Dynamic Session Pattern Assignment,50,6,360,1460b2625c352d15f02bbdde189b4052a52e38b79d8f3c764f2777b1809b24b4,50,5.0,42.17632653061224,1.0,1.0,True,20,6,30,3699990429,f9ec8e8125005434783c75f818e837572b1140b305a02c8060aab55a7d88095e,True,time_only_baseline,A0) Time Prior + Hungarian (Baseline),False,500,500,0,0.0,500,388,0,0.776,0.776,1.2248002747199997,6.90000045,380.094,413.0,46.09665274998406,500,0,0,0,0,1.0,0.0,0.0,0.0,0.0,1.0,28.186,0.0,0.0,0.0,0.0,0.0,,0.0,0.0,45.64671570225619,0.02966099325567484,0.0,0.4177333874977194,46.09411008300958,45.64671570225619,0.4177333874977194
20260910_091432_644397,e610fe6ca1908a92c221bf120251fee8342335c2a10ac8f03de4bc913741356f,20,2187632451,1233724911,2187632451,20,500,50,60,5,30,10.0,120,current,Optimized Pattern Generator,dynamic_session,Dynamic Session Pattern Assignment,50,6,360,1460b2625c352d15f02bbdde189b4052a52e38b79d8f3c764f2777b1809b24b4,50,5.0,42.17632653061224,1.0,1.0,True,20,6,30,3699990429,f9ec8e8125005434783c75f818e837572b1140b305a02c8060aab55a7d88095e,True,single_only,A1) Refined Cost + Greedy 1:1,True,500,500,0,0.0,500,481,0,0.962,0.962,0.8625744702346285,2.6892074788028975,380.094,413.0,54.4536998749827,500,0,0,0,0,1.0,0.0,0.0,0.0,0.0,1.0,28.186,0.0,0.0,0.0,0.0,0.0,,0.0,0.0,44.404915919178165,9.618040409462992,0.0,0.4283620463684201,54.45131837500958,44.404915919178165,0.4283620463684201
20260910_091432_644397,e610fe6ca1908a92c221bf120251fee8342335c2a10ac8f03de4bc913741356f,20,2187632451,2184921450,2187632451,20,500,50,60,5,30,10.0,120,current,Optimized Pattern Generator,dynamic_session,Dynamic Session Pattern Assignment,50,6,360,1460b2625c352d15f02bbdde189b4052a52e38b79d8f3c764f2777b1809b24b4,50,5.0,42.17632653061224,1.0,1.0,True,20,6,30,3699990429,f9ec8e8125005434783c75f818e837572b1140b305a02c8060aab55a7d88095e,True,nomura_original_interval_hungarian,A2) Corr+DTW + Hungarian,False,500,500,0,0.0,500,499,0,0.998,0.998,0.056553304591440125,0.2645820141594947,380.094,413.0,70.97741795802722,500,0,0,0,0,1.0,0.0,0.0,0.0,0.0,1.0,28.186,0.0,0.0,0.0,0.0,0.0,,0.0,0.0,45.82762642012676,24.710167426092084,0.0,0.43693619582336396,70.97473004204221,45.82762642012676,0.43693619582336396
20260910_091432_644397,e610fe6ca1908a92c221bf120251fee8342335c2a10ac8f03de4bc913741356f,20,2187632451,1367392886,2187632451,20,500,50,60,5,30,10.0,120,current,Optimized Pattern Generator,dynamic_session,Dynamic Session Pattern Assignment,50,6,360,1460b2625c352d15f02bbdde189b4052a52e38b79d8f3c764f2777b1809b24b4,50,5.0,42.17632653061224,1.0,1.0,True,20,6,30,3699990429,f9ec8e8125005434783c75f818e837572b1140b305a02c8060aab55a7d88095e,True,bayesian_windowed,A3) Two-Stage Bayesian Posterior + Hungarian,False,500,500,0,0.0,500,488,0,0.976,0.976,0.5785847497669075,1.6843172603999566,380.094,413.0,53.87752866698429,500,0,0,0,0,1.0,0.0,0.0,0.0,0.0,1.0,28.186,0.0,0.0,0.0,0.0,0.0,,0.0,0.0,44.957045874383766,8.473049330641516,0.0,0.4451252539874986,53.87522045901278,44.957045874383766,0.4451252539874986
