config_hash,tau_s,pattern_mode,pattern_mode_label,pattern_assignment_mode,pattern_assignment_mode_label,pattern_unique_count,command_step_count,charger_sample_s,ev_sample_s,matcher_delay_max_s,candidate_margin_s,algorithm_id,algorithm_label,is_current,ev_count,runs,accuracy_mean,accuracy_std,accuracy_ci95,accuracy_requested_mean,accuracy_requested_std,accuracy_requested_ci95,requested_evs_mean,requested_evs_std,requested_evs_ci95,admitted_evs_mean,admitted_evs_std,admitted_evs_ci95,blocked_evs_mean,blocked_evs_std,blocked_evs_ci95,blocked_ratio_mean,blocked_ratio_std,blocked_ratio_ci95,avg_cost_mean,avg_cost_std,avg_cost_ci95,p90_latency_mean,p90_latency_std,p90_latency_ci95,assignment_runtime_mean,assignment_runtime_std,assignment_runtime_ci95,runtime_s_candidate_build_mean,runtime_s_candidate_build_std,runtime_s_candidate_build_ci95,runtime_s_assignment_mean,runtime_s_assignment_std,runtime_s_assignment_ci95,runtime_s_fallback_mean,runtime_s_fallback_std,runtime_s_fallback_ci95,runtime_s_other_mean,runtime_s_other_std,runtime_s_other_ci95,runtime_s_total_mean,runtime_s_total_std,runtime_s_total_ci95,runtime_s_cost_mean,runtime_s_cost_std,runtime_s_cost_ci95,runtime_s_loop_mean,runtime_s_loop_std,runtime_s_loop_ci95,unmatched_mean,unmatched_std,unmatched_ci95,window_watermark_count_mean,window_watermark_count_std,window_watermark_count_ci95,session_end_before_watermark_count_mean,session_end_before_watermark_count_std,session_end_before_watermark_count_ci95,session_end_fallback_count_mean,session_end_fallback_count_std,session_end_fallback_count_ci95,timeline_end_fallback_count_mean,timeline_end_fallback_count_std,timeline_end_fallback_count_ci95,fallback_finalized_count_mean,fallback_finalized_count_std,fallback_finalized_count_ci95,window_watermark_ratio_mean,window_watermark_ratio_std,window_watermark_ratio_ci95,session_end_before_watermark_ratio_mean,session_end_before_watermark_ratio_std,session_end_before_watermark_ratio_ci95,session_end_fallback_ratio_mean,session_end_fallback_ratio_std,session_end_fallback_ratio_ci95,timeline_end_fallback_ratio_mean,timeline_end_fallback_ratio_std,timeline_end_fallback_ratio_ci95,fallback_finalized_ratio_mean,fallback_finalized_ratio_std,fallback_finalized_ratio_ci95,gt_in_candidates_ratio_mean,gt_in_candidates_ratio_std,gt_in_candidates_ratio_ci95,avg_candidates_per_ev_mean,avg_candidates_per_ev_std,avg_candidates_per_ev_ci95,no_candidate_rows_total_mean,no_candidate_rows_total_std,no_candidate_rows_total_ci95,fallback_to_all_rows_total_mean,fallback_to_all_rows_total_std,fallback_to_all_rows_total_ci95,gt_recovered_by_fallback_count_mean,gt_recovered_by_fallback_count_std,gt_recovered_by_fallback_count_ci95,no_candidate_rows_ratio_mean,no_candidate_rows_ratio_std,no_candidate_rows_ratio_ci95,fallback_to_all_rows_ratio_mean,fallback_to_all_rows_ratio_std,fallback_to_all_rows_ratio_ci95,gt_recovered_by_fallback_ratio_mean,gt_recovered_by_fallback_ratio_std,gt_recovered_by_fallback_ratio_ci95,candidate_query_lead_max_s_mean,candidate_query_lead_max_s_std,candidate_query_lead_max_s_ci95,candidate_future_query_violation_count_mean,candidate_future_query_violation_count_std,candidate_future_query_violation_count_ci95
b0da4d9216a2bbfcc818675c756bd436b7c3e50f537880fa75c56fd8774d8151,60,current,Optimized Pattern Generator,dynamic_session,Dynamic Session Pattern Assignment,50,6,5,30,10.0,120,single_only,A1) Refined Cost + Greedy 1:1,True,100,20,0.9819999999999997,0.01105012502906166,0.0048429308220713264,0.9819999999999997,0.01105012502906166,0.0048429308220713264,100.0,0.0,0.0,100.0,0.0,0.0,0.0,0.0,0.0,0.0,0.0,0.0,1.14879768477787,0.07627080590933417,0.03342715451554492,413.6,9.468840867203388,4.149902482050187,2.5736600185507994,0.33878030112903856,0.14847701342142627,2.0693857914415275,0.27984299311136884,0.12264659930230912,0.4079776918526477,0.04967493230345791,0.02177099898001349,0.0,0.0,0.0,0.09559351865573262,0.012308846129595886,0.005394589667390871,2.572957001949908,0.3387313386722259,0.14845555467859767,2.0693857914415275,0.27984299311136884,0.12264659930230912,0.09559351865573262,0.012308846129595886,0.005394589667390871,0.0,0.0,0.0,100.0,0.0,0.0,0.0,0.0,0.0,0.0,0.0,0.0,0.0,0.0,0.0,0.0,0.0,0.0,1.0,0.0,0.0,0.0,0.0,0.0,0.0,0.0,0.0,0.0,0.0,0.0,0.0,0.0,0.0,1.0,0.0,0.0,6.380000000000001,0.35161282534539107,0.15410111512967886,0.0,0.0,0.0,0.0,0.0,0.0,0.0,0.0,0.0,0.0,0.0,0.0,0.0,0.0,0.0,,,,0.0,0.0,0.0,0.0,0.0,0.0
b0da4d9216a2bbfcc818675c756bd436b7c3e50f537880fa75c56fd8774d8151,60,current,Optimized Pattern Generator,dynamic_session,Dynamic Session Pattern Assignment,50,6,5,30,10.0,120,single_only,A1) Refined Cost + Greedy 1:1,True,300,20,0.9563333333333333,0.012134721339540687,0.005318276113433135,0.9563333333333333,0.012134721339540687,0.005318276113433135,300.0,0.0,0.0,300.0,0.0,0.0,0.0,0.0,0.0,0.0,0.0,0.0,1.114818097110756,0.058293740974624336,0.02554835842647687,416.43500000000006,5.549800849912008,2.432307464549914,20.27698225845088,3.130973124031825,1.3722094732477679,16.782512063179457,2.645175706695534,1.159299367750043,3.247561463060265,0.43590934254121955,0.19104569270208394,0.0,0.0,0.0,0.2451697009106283,0.05415435835347326,0.023734194005024956,20.275243227150348,3.130832438616677,1.3721478151460322,16.782512063179457,2.645175706695534,1.159299367750043,0.2451697009106283,0.05415435835347326,0.023734194005024956,0.0,0.0,0.0,300.0,0.0,0.0,0.0,0.0,0.0,0.0,0.0,0.0,0.0,0.0,0.0,0.0,0.0,0.0,1.0,0.0,0.0,0.0,0.0,0.0,0.0,0.0,0.0,0.0,0.0,0.0,0.0,0.0,0.0,1.0,0.0,0.0,17.2615,0.3856815566732414,0.16903239496430383,0.0,0.0,0.0,0.0,0.0,0.0,0.0,0.0,0.0,0.0,0.0,0.0,0.0,0.0,0.0,,,,0.0,0.0,0.0,0.0,0.0,0.0
b0da4d9216a2bbfcc818675c756bd436b7c3e50f537880fa75c56fd8774d8151,60,current,Optimized Pattern Generator,dynamic_session,Dynamic Session Pattern Assignment,50,6,5,30,10.0,120,single_only,A1) Refined Cost + Greedy 1:1,True,500,20,0.9373999999999999,0.011127963827554781,0.004877045179635962,0.9373999999999999,0.011127963827554781,0.004877045179635962,500.0,0.0,0.0,500.0,0.0,0.0,0.0,0.0,0.0,0.0,0.0,0.0,1.094725454092529,0.04465493826941185,0.019570889590286494,416.035,5.791397885975733,2.5381920341269013,51.80625482905052,0.7099969401007813,0.3111698786889099,43.22256941402047,0.6057904238137961,0.26549935928214685,8.216177124097522,0.10595256274129111,0.04643575800524832,0.0,0.0,0.0,0.36405357033181646,0.010176275628903862,0.0044599494365446775,51.80280010844981,0.7099765571452813,0.3111609454647901,43.22256941402047,0.6057904238137961,0.26549935928214685,0.36405357033181646,0.010176275628903862,0.0044599494365446775,0.0,0.0,0.0,500.0,0.0,0.0,0.0,0.0,0.0,0.0,0.0,0.0,0.0,0.0,0.0,0.0,0.0,0.0,1.0,0.0,0.0,0.0,0.0,0.0,0.0,0.0,0.0,0.0,0.0,0.0,0.0,0.0,0.0,1.0,0.0,0.0,28.3418,0.37340927172544364,0.1636538289413293,0.0,0.0,0.0,0.0,0.0,0.0,0.0,0.0,0.0,0.0,0.0,0.0,0.0,0.0,0.0,,,,0.0,0.0,0.0,0.0,0.0,0.0
b0da4d9216a2bbfcc818675c756bd436b7c3e50f537880fa75c56fd8774d8151,60,current,Optimized Pattern Generator,dynamic_session,Dynamic Session Pattern Assignment,50,6,5,30,10.0,120,single_only_dtw_off,A1 Ablation) DTW Off,False,100,20,0.9754999999999999,0.017006190823220524,0.0074532917489346226,0.9754999999999999,0.017006190823220524,0.0074532917489346226,100.0,0.0,0.0,100.0,0.0,0.0,0.0,0.0,0.0,0.0,0.0,0.0,0.9090935872983333,0.06505237214681141,0.02851045913870531,413.6,9.468840867203388,4.149902482050187,2.5072446145491996,0.2775634708712138,0.12164755463200809,2.0105855528479877,0.23099189412437834,0.10123666119265466,0.4009887863878248,0.04026764625405051,0.01764807408632245,0.0,0.0,0.0,0.09499515466413869,0.012793753714840594,0.005607109786779709,2.5065694938999514,0.277545101158219,0.12163950375031932,2.0105855528479877,0.23099189412437834,0.10123666119265466,0.09499515466413869,0.012793753714840594,0.005607109786779709,0.0,0.0,0.0,100.0,0.0,0.0,0.0,0.0,0.0,0.0,0.0,0.0,0.0,0.0,0.0,0.0,0.0,0.0,1.0,0.0,0.0,0.0,0.0,0.0,0.0,0.0,0.0,0.0,0.0,0.0,0.0,0.0,0.0,1.0,0.0,0.0,6.380000000000001,0.35161282534539107,0.15410111512967886,0.0,0.0,0.0,0.0,0.0,0.0,0.0,0.0,0.0,0.0,0.0,0.0,0.0,0.0,0.0,,,,0.0,0.0,0.0,0.0,0.0,0.0
b0da4d9216a2bbfcc818675c756bd436b7c3e50f537880fa75c56fd8774d8151,60,current,Optimized Pattern Generator,dynamic_session,Dynamic Session Pattern Assignment,50,6,5,30,10.0,120,single_only_dtw_off,A1 Ablation) DTW Off,False,300,20,0.9378333333333334,0.015570064244722792,0.00682388152478686,0.9378333333333334,0.015570064244722792,0.00682388152478686,300.0,0.0,0.0,300.0,0.0,0.0,0.0,0.0,0.0,0.0,0.0,0.0,0.8582935921583333,0.04453240584702582,0.01951718738840953,416.43500000000006,5.549800849912008,2.432307464549914,20.403463418699904,3.244092732548601,1.4217863275571765,16.8882583312894,2.7484654384519698,1.2045680886207242,3.2731493741448503,0.45929355962878554,0.20129427770773223,0.0,0.0,0.0,0.24032610286631098,0.039628155555145816,0.017367804930271423,20.40173380830056,3.2439639418141613,1.4217298825291087,16.8882583312894,2.7484654384519698,1.2045680886207242,0.24032610286631098,0.039628155555145816,0.017367804930271423,0.0,0.0,0.0,300.0,0.0,0.0,0.0,0.0,0.0,0.0,0.0,0.0,0.0,0.0,0.0,0.0,0.0,0.0,1.0,0.0,0.0,0.0,0.0,0.0,0.0,0.0,0.0,0.0,0.0,0.0,0.0,0.0,0.0,1.0,0.0,0.0,17.2615,0.3856815566732414,0.16903239496430383,0.0,0.0,0.0,0.0,0.0,0.0,0.0,0.0,0.0,0.0,0.0,0.0,0.0,0.0,0.0,,,,0.0,0.0,0.0,0.0,0.0,0.0
b0da4d9216a2bbfcc818675c756bd436b7c3e50f537880fa75c56fd8774d8151,60,current,Optimized Pattern Generator,dynamic_session,Dynamic Session Pattern Assignment,50,6,5,30,10.0,120,single_only_dtw_off,A1 Ablation) DTW Off,False,500,20,0.9073,0.014871732281500766,0.0065178240476242945,0.9073,0.014871732281500766,0.0065178240476242945,500.0,0.0,0.0,500.0,0.0,0.0,0.0,0.0,0.0,0.0,0.0,0.0,0.8413846070023334,0.032711644989316065,0.014336510522982416,416.035,5.791397885975733,2.5381920341269013,51.87868264379976,0.6991961918642702,0.30643624206502873,43.28701145925661,0.5974667402254024,0.2618513441060847,8.229565048015138,0.10207938295343169,0.04473826211948088,0.0,0.0,0.0,0.35862129277993515,0.007888103154922303,0.003457113634115617,51.87519780005168,0.69917327789378,0.3064261995746812,43.28701145925661,0.5974667402254024,0.2618513441060847,0.35862129277993515,0.007888103154922303,0.003457113634115617,0.0,0.0,0.0,500.0,0.0,0.0,0.0,0.0,0.0,0.0,0.0,0.0,0.0,0.0,0.0,0.0,0.0,0.0,1.0,0.0,0.0,0.0,0.0,0.0,0.0,0.0,0.0,0.0,0.0,0.0,0.0,0.0,0.0,1.0,0.0,0.0,28.3418,0.37340927172544364,0.1636538289413293,0.0,0.0,0.0,0.0,0.0,0.0,0.0,0.0,0.0,0.0,0.0,0.0,0.0,0.0,0.0,,,,0.0,0.0,0.0,0.0,0.0,0.0
b0da4d9216a2bbfcc818675c756bd436b7c3e50f537880fa75c56fd8774d8151,60,current,Optimized Pattern Generator,dynamic_session,Dynamic Session Pattern Assignment,50,6,5,30,10.0,120,single_only_step_off,A1 Ablation) Step Signature Off,False,100,20,0.945,0.02704771612111492,0.011854184249054258,0.945,0.02704771612111492,0.011854184249054258,100.0,0.0,0.0,100.0,0.0,0.0,0.0,0.0,0.0,0.0,0.0,0.0,0.21360147933813525,0.02724091669593069,0.011938858134295956,413.6,9.468840867203388,4.149902482050187,2.4767281352498687,0.21476093327756496,0.09412312896110665,1.9888620389017888,0.17991998000116735,0.07885340793543053,0.3965065151016461,0.030640749253316106,0.013428900449540383,0.0,0.0,0.0,0.09069122714718106,0.009193274872145484,0.0040291303597917655,2.476059781150616,0.21474763260386462,0.09411729968384072,1.9888620389017888,0.17991998000116735,0.07885340793543053,0.09069122714718106,0.009193274872145484,0.0040291303597917655,0.0,0.0,0.0,100.0,0.0,0.0,0.0,0.0,0.0,0.0,0.0,0.0,0.0,0.0,0.0,0.0,0.0,0.0,1.0,0.0,0.0,0.0,0.0,0.0,0.0,0.0,0.0,0.0,0.0,0.0,0.0,0.0,0.0,1.0,0.0,0.0,6.380000000000001,0.35161282534539107,0.15410111512967886,0.0,0.0,0.0,0.0,0.0,0.0,0.0,0.0,0.0,0.0,0.0,0.0,0.0,0.0,0.0,,,,0.0,0.0,0.0,0.0,0.0,0.0
b0da4d9216a2bbfcc818675c756bd436b7c3e50f537880fa75c56fd8774d8151,60,current,Optimized Pattern Generator,dynamic_session,Dynamic Session Pattern Assignment,50,6,5,30,10.0,120,single_only_step_off,A1 Ablation) Step Signature Off,False,300,20,0.8843333333333332,0.016440571695072494,0.007205398236231643,0.8843333333333332,0.016440571695072494,0.007205398236231643,300.0,0.0,0.0,300.0,0.0,0.0,0.0,0.0,0.0,0.0,0.0,0.0,0.20699083663562384,0.015068893858112439,0.006604233918443822,416.43500000000006,5.549800849912008,2.432307464549914,20.430183147900244,3.297237596962513,1.4450780913361416,16.909995792602057,2.7961634012743386,1.225472642523503,3.2776013288377728,0.4666038899527386,0.2044981712340303,0.0,0.0,0.0,0.2408350827114191,0.03934935988504957,0.01724561734051853,20.42843220415125,3.297125888747881,1.4450291330524754,16.909995792602057,2.7961634012743386,1.225472642523503,0.2408350827114191,0.03934935988504957,0.01724561734051853,0.0,0.0,0.0,300.0,0.0,0.0,0.0,0.0,0.0,0.0,0.0,0.0,0.0,0.0,0.0,0.0,0.0,0.0,1.0,0.0,0.0,0.0,0.0,0.0,0.0,0.0,0.0,0.0,0.0,0.0,0.0,0.0,0.0,1.0,0.0,0.0,17.2615,0.3856815566732414,0.16903239496430383,0.0,0.0,0.0,0.0,0.0,0.0,0.0,0.0,0.0,0.0,0.0,0.0,0.0,0.0,0.0,,,,0.0,0.0,0.0,0.0,0.0,0.0
b0da4d9216a2bbfcc818675c756bd436b7c3e50f537880fa75c56fd8774d8151,60,current,Optimized Pattern Generator,dynamic_session,Dynamic Session Pattern Assignment,50,6,5,30,10.0,120,single_only_step_off,A1 Ablation) Step Signature Off,False,500,20,0.8632,0.02198947116474755,0.00963731065347481,0.8632,0.02198947116474755,0.00963731065347481,500.0,0.0,0.0,500.0,0.0,0.0,0.0,0.0,0.0,0.0,0.0,0.0,0.194343357401156,0.012986457680432807,0.005691566023432911,416.035,5.791397885975733,2.5381920341269013,51.89815651474928,0.693429725228091,0.3039089766328864,43.303933056933964,0.5951234384542383,0.2608243468238695,8.230192098622137,0.10142970374542715,0.04445352765243826,0.0,0.0,0.0,0.3602705235931353,0.010244893666899051,0.004490022617642899,51.89439567914924,0.6933096981796933,0.30385637245957264,43.303933056933964,0.5951234384542383,0.2608243468238695,0.3602705235931353,0.010244893666899051,0.004490022617642899,0.0,0.0,0.0,500.0,0.0,0.0,0.0,0.0,0.0,0.0,0.0,0.0,0.0,0.0,0.0,0.0,0.0,0.0,1.0,0.0,0.0,0.0,0.0,0.0,0.0,0.0,0.0,0.0,0.0,0.0,0.0,0.0,0.0,1.0,0.0,0.0,28.3418,0.37340927172544364,0.1636538289413293,0.0,0.0,0.0,0.0,0.0,0.0,0.0,0.0,0.0,0.0,0.0,0.0,0.0,0.0,0.0,,,,0.0,0.0,0.0,0.0,0.0,0.0
b0da4d9216a2bbfcc818675c756bd436b7c3e50f537880fa75c56fd8774d8151,60,current,Optimized Pattern Generator,dynamic_session,Dynamic Session Pattern Assignment,50,6,5,30,10.0,120,single_only_all_off,A1 Ablation) All Waveform Terms Off,False,100,20,0.9164999999999999,0.03248886448907491,0.014238872663832692,0.9164999999999999,0.03248886448907491,0.014238872663832692,100.0,0.0,0.0,100.0,0.0,0.0,0.0,0.0,0.0,0.0,0.0,0.0,1.5514502516250002,0.13981885558437307,0.06127831526208532,413.6,9.468840867203388,4.149902482050187,2.089664035399983,0.18083763062492572,0.079255586053597,1.9939035512514238,0.177799759767384,0.07792418044770855,0.003011901752688573,0.0006345308022504147,0.0002780953854992831,0.0,0.0,0.0,0.09205457194548217,0.008734112160571452,0.003827893428772484,2.0889700249495946,0.18082215234574597,0.07924880239865056,1.9939035512514238,0.177799759767384,0.07792418044770855,0.09205457194548217,0.008734112160571452,0.003827893428772484,0.0,0.0,0.0,100.0,0.0,0.0,0.0,0.0,0.0,0.0,0.0,0.0,0.0,0.0,0.0,0.0,0.0,0.0,1.0,0.0,0.0,0.0,0.0,0.0,0.0,0.0,0.0,0.0,0.0,0.0,0.0,0.0,0.0,1.0,0.0,0.0,6.380000000000001,0.35161282534539107,0.15410111512967886,0.0,0.0,0.0,0.0,0.0,0.0,0.0,0.0,0.0,0.0,0.0,0.0,0.0,0.0,0.0,,,,0.0,0.0,0.0,0.0,0.0,0.0
b0da4d9216a2bbfcc818675c756bd436b7c3e50f537880fa75c56fd8774d8151,60,current,Optimized Pattern Generator,dynamic_session,Dynamic Session Pattern Assignment,50,6,5,30,10.0,120,single_only_all_off,A1 Ablation) All Waveform Terms Off,False,300,20,0.7983333333333335,0.02486219328560454,0.010896336634244717,0.7983333333333335,0.02486219328560454,0.010896336634244717,300.0,0.0,0.0,300.0,0.0,0.0,0.0,0.0,0.0,0.0,0.0,0.0,1.363300256875,0.07085054854296682,0.03105162198590361,416.43500000000006,5.549800849912008,2.432307464549914,17.04986433729937,2.628154547187221,1.1518395156856176,16.79708646965737,2.5964547183165223,1.137946453128539,0.010829304749859148,0.0027567822894115587,0.0012082131092651818,0.0,0.0,0.0,0.24020671719299572,0.029744056929103053,0.013035907711139222,17.048122491600225,2.627993284230517,1.151768839078663,16.79708646965737,2.5964547183165223,1.137946453128539,0.24020671719299572,0.029744056929103053,0.013035907711139222,0.0,0.0,0.0,300.0,0.0,0.0,0.0,0.0,0.0,0.0,0.0,0.0,0.0,0.0,0.0,0.0,0.0,0.0,1.0,0.0,0.0,0.0,0.0,0.0,0.0,0.0,0.0,0.0,0.0,0.0,0.0,0.0,0.0,1.0,0.0,0.0,17.2615,0.3856815566732414,0.16903239496430383,0.0,0.0,0.0,0.0,0.0,0.0,0.0,0.0,0.0,0.0,0.0,0.0,0.0,0.0,0.0,,,,0.0,0.0,0.0,0.0,0.0,0.0
b0da4d9216a2bbfcc818675c756bd436b7c3e50f537880fa75c56fd8774d8151,60,current,Optimized Pattern Generator,dynamic_session,Dynamic Session Pattern Assignment,50,6,5,30,10.0,120,single_only_all_off,A1 Ablation) All Waveform Terms Off,False,500,20,0.7121,0.024857276812360524,0.010894181894841613,0.7121,0.024857276812360524,0.010894181894841613,500.0,0.0,0.0,500.0,0.0,0.0,0.0,0.0,0.0,0.0,0.0,0.0,1.22053027333,0.05317206637677195,0.02330368556482823,416.035,5.791397885975733,2.5381920341269013,43.563670383252244,0.6131800685514374,0.268738013882883,43.182971295951575,0.6102868570121341,0.2674700080185499,0.020653871764807263,0.0011744292785091583,0.0005147163254964521,0.0,0.0,0.0,0.3565646990311507,0.009282535859281824,0.004068250712246982,43.560189866747535,0.6131555164507002,0.2687272534503002,43.182971295951575,0.6102868570121341,0.2674700080185499,0.3565646990311507,0.009282535859281824,0.004068250712246982,0.0,0.0,0.0,500.0,0.0,0.0,0.0,0.0,0.0,0.0,0.0,0.0,0.0,0.0,0.0,0.0,0.0,0.0,1.0,0.0,0.0,0.0,0.0,0.0,0.0,0.0,0.0,0.0,0.0,0.0,0.0,0.0,0.0,1.0,0.0,0.0,28.3418,0.37340927172544364,0.1636538289413293,0.0,0.0,0.0,0.0,0.0,0.0,0.0,0.0,0.0,0.0,0.0,0.0,0.0,0.0,0.0,,,,0.0,0.0,0.0,0.0,0.0,0.0
b0da4d9216a2bbfcc818675c756bd436b7c3e50f537880fa75c56fd8774d8151,60,current,Optimized Pattern Generator,dynamic_session,Dynamic Session Pattern Assignment,50,6,5,30,10.0,120,nomura_original_interval_hungarian,A2) Corr+DTW + Hungarian,False,100,20,0.9564999999999999,0.01663066286617646,0.007288709365211803,0.9564999999999999,0.01663066286617646,0.007288709365211803,100.0,0.0,0.0,100.0,0.0,0.0,0.0,0.0,0.0,0.0,0.0,0.0,0.09027152309495048,0.009052203096338148,0.00396730292803105,413.6,9.468840867203388,4.149902482050187,3.1099001540482276,0.32437134321928596,0.1421620091846828,2.0417216409598042,0.24660742671458746,0.10808047009846257,0.971760657444247,0.07799912345165903,0.03418462307576829,0.0,0.0,0.0,0.09572297034537769,0.010448624931363776,0.004579311781113982,3.1092052687494287,0.32434600243803174,0.1421509030976233,2.0417216409598042,0.24660742671458746,0.10808047009846257,0.09572297034537769,0.010448624931363776,0.004579311781113982,0.0,0.0,0.0,100.0,0.0,0.0,0.0,0.0,0.0,0.0,0.0,0.0,0.0,0.0,0.0,0.0,0.0,0.0,1.0,0.0,0.0,0.0,0.0,0.0,0.0,0.0,0.0,0.0,0.0,0.0,0.0,0.0,0.0,1.0,0.0,0.0,6.380000000000001,0.35161282534539107,0.15410111512967886,0.0,0.0,0.0,0.0,0.0,0.0,0.0,0.0,0.0,0.0,0.0,0.0,0.0,0.0,0.0,,,,0.0,0.0,0.0,0.0,0.0,0.0
b0da4d9216a2bbfcc818675c756bd436b7c3e50f537880fa75c56fd8774d8151,60,current,Optimized Pattern Generator,dynamic_session,Dynamic Session Pattern Assignment,50,6,5,30,10.0,120,nomura_original_interval_hungarian,A2) Corr+DTW + Hungarian,False,300,20,0.9115,0.01788445697161618,0.007838208859723944,0.9115,0.01788445697161618,0.007838208859723944,300.0,0.0,0.0,300.0,0.0,0.0,0.0,0.0,0.0,0.0,0.0,0.0,0.09072572959299356,0.005758078739478247,0.0025235892743288536,416.43500000000006,5.549800849912008,2.432307464549914,25.135631204249147,3.714789598324313,1.628078324536611,16.883023672255877,2.6511441966861913,1.1619151738211015,8.00921465743777,1.032237574249088,0.4523980634502876,0.0,0.0,0.0,0.24164988505617657,0.04249327800399315,0.01862350020793015,25.133888214749824,3.71471579543607,1.628045978994702,16.883023672255877,2.6511441966861913,1.1619151738211015,0.24164988505617657,0.04249327800399315,0.01862350020793015,0.0,0.0,0.0,300.0,0.0,0.0,0.0,0.0,0.0,0.0,0.0,0.0,0.0,0.0,0.0,0.0,0.0,0.0,1.0,0.0,0.0,0.0,0.0,0.0,0.0,0.0,0.0,0.0,0.0,0.0,0.0,0.0,0.0,1.0,0.0,0.0,17.2615,0.3856815566732414,0.16903239496430383,0.0,0.0,0.0,0.0,0.0,0.0,0.0,0.0,0.0,0.0,0.0,0.0,0.0,0.0,0.0,,,,0.0,0.0,0.0,0.0,0.0,0.0
b0da4d9216a2bbfcc818675c756bd436b7c3e50f537880fa75c56fd8774d8151,60,current,Optimized Pattern Generator,dynamic_session,Dynamic Session Pattern Assignment,50,6,5,30,10.0,120,nomura_original_interval_hungarian,A2) Corr+DTW + Hungarian,False,500,20,0.8952,0.018989193602789212,0.0083223810358132,0.8952,0.018989193602789212,0.0083223810358132,500.0,0.0,0.0,500.0,0.0,0.0,0.0,0.0,0.0,0.0,0.0,0.0,0.08790034312057052,0.00472079984191432,0.002068981753519373,416.035,5.791397885975733,2.5381920341269013,63.77587841849818,0.8694864431308071,0.381069235301578,43.26885219347787,0.6152631913099303,0.2696509826852026,20.143092511216672,0.2615621669529628,0.11463467398719886,0.0,0.0,0.0,0.36044477670620834,0.007286712072594389,0.003193542371250729,63.77238948140075,0.8694930829512709,0.3810721453312014,43.26885219347787,0.6152631913099303,0.2696509826852026,0.36044477670620834,0.007286712072594389,0.003193542371250729,0.0,0.0,0.0,500.0,0.0,0.0,0.0,0.0,0.0,0.0,0.0,0.0,0.0,0.0,0.0,0.0,0.0,0.0,1.0,0.0,0.0,0.0,0.0,0.0,0.0,0.0,0.0,0.0,0.0,0.0,0.0,0.0,0.0,1.0,0.0,0.0,28.3418,0.37340927172544364,0.1636538289413293,0.0,0.0,0.0,0.0,0.0,0.0,0.0,0.0,0.0,0.0,0.0,0.0,0.0,0.0,0.0,,,,0.0,0.0,0.0,0.0,0.0,0.0
b0da4d9216a2bbfcc818675c756bd436b7c3e50f537880fa75c56fd8774d8151,60,current,Optimized Pattern Generator,dynamic_session,Dynamic Session Pattern Assignment,50,6,5,30,10.0,120,nomura_original_interval_hungarian_dtw_off,A2 Ablation) DTW Off (Corr-only),False,100,20,0.9530000000000001,0.024730122267559055,0.010838453958500083,0.9530000000000001,0.024730122267559055,0.010838453958500083,100.0,0.0,0.0,100.0,0.0,0.0,0.0,0.0,0.0,0.0,0.0,0.0,0.08461340110270485,0.007202426968623482,0.0031566027957446907,413.6,9.468840867203388,4.149902482050187,3.0653155458498076,0.3006270045314634,0.13175559392887992,2.0069013890915812,0.22121159252390046,0.09695025502570742,0.9633460871584247,0.07655582368676067,0.03355206906406874,0.0,0.0,0.0,0.09438473620066361,0.010961486615646046,0.004804083324579578,3.0646322124506695,0.30057230653459754,0.1317316214747918,2.0069013890915812,0.22121159252390046,0.09695025502570742,0.09438473620066361,0.010961486615646046,0.004804083324579578,0.0,0.0,0.0,100.0,0.0,0.0,0.0,0.0,0.0,0.0,0.0,0.0,0.0,0.0,0.0,0.0,0.0,0.0,1.0,0.0,0.0,0.0,0.0,0.0,0.0,0.0,0.0,0.0,0.0,0.0,0.0,0.0,0.0,1.0,0.0,0.0,6.380000000000001,0.35161282534539107,0.15410111512967886,0.0,0.0,0.0,0.0,0.0,0.0,0.0,0.0,0.0,0.0,0.0,0.0,0.0,0.0,0.0,,,,0.0,0.0,0.0,0.0,0.0,0.0
b0da4d9216a2bbfcc818675c756bd436b7c3e50f537880fa75c56fd8774d8151,60,current,Optimized Pattern Generator,dynamic_session,Dynamic Session Pattern Assignment,50,6,5,30,10.0,120,nomura_original_interval_hungarian_dtw_off,A2 Ablation) DTW Off (Corr-only),False,300,20,0.8955,0.01944477861032824,0.008522049968905055,0.8955,0.01944477861032824,0.008522049968905055,300.0,0.0,0.0,300.0,0.0,0.0,0.0,0.0,0.0,0.0,0.0,0.0,0.08145553271057468,0.005012524266736373,0.0021968356198608045,416.43500000000006,5.549800849912008,2.432307464549914,24.67096522290085,2.525622607493802,1.1069029118298166,16.542088528315798,1.7417325057938464,0.763347927188913,7.891457377540428,0.7712688157006057,0.338023462163133,0.0,0.0,0.0,0.23566611509413632,0.025078957109957577,0.010991337568922694,24.66921202095036,2.525487304887198,1.1068436128479404,16.542088528315798,1.7417325057938464,0.763347927188913,0.23566611509413632,0.025078957109957577,0.010991337568922694,0.0,0.0,0.0,300.0,0.0,0.0,0.0,0.0,0.0,0.0,0.0,0.0,0.0,0.0,0.0,0.0,0.0,0.0,1.0,0.0,0.0,0.0,0.0,0.0,0.0,0.0,0.0,0.0,0.0,0.0,0.0,0.0,0.0,1.0,0.0,0.0,17.2615,0.3856815566732414,0.16903239496430383,0.0,0.0,0.0,0.0,0.0,0.0,0.0,0.0,0.0,0.0,0.0,0.0,0.0,0.0,0.0,,,,0.0,0.0,0.0,0.0,0.0,0.0
b0da4d9216a2bbfcc818675c756bd436b7c3e50f537880fa75c56fd8774d8151,60,current,Optimized Pattern Generator,dynamic_session,Dynamic Session Pattern Assignment,50,6,5,30,10.0,120,nomura_original_interval_hungarian_dtw_off,A2 Ablation) DTW Off (Corr-only),False,500,20,0.8784000000000001,0.01849722596556179,0.008106766712217387,0.8784000000000001,0.01849722596556179,0.008106766712217387,500.0,0.0,0.0,500.0,0.0,0.0,0.0,0.0,0.0,0.0,0.0,0.0,0.07700768263732312,0.0040551493306707825,0.001777247554209358,416.035,5.791397885975733,2.5381920341269013,63.76650452285067,0.8638139557311969,0.3785831580858782,43.24753691347978,0.5982674341745753,0.2622022637015913,20.15259776554085,0.2743810481956876,0.12025279639862788,0.0,0.0,0.0,0.36289868333151387,0.008241942615705355,0.0036121906152524414,63.76303336235215,0.8638053211362519,0.3785793738077922,43.24753691347978,0.5982674341745753,0.2622022637015913,0.36289868333151387,0.008241942615705355,0.0036121906152524414,0.0,0.0,0.0,500.0,0.0,0.0,0.0,0.0,0.0,0.0,0.0,0.0,0.0,0.0,0.0,0.0,0.0,0.0,1.0,0.0,0.0,0.0,0.0,0.0,0.0,0.0,0.0,0.0,0.0,0.0,0.0,0.0,0.0,1.0,0.0,0.0,28.3418,0.37340927172544364,0.1636538289413293,0.0,0.0,0.0,0.0,0.0,0.0,0.0,0.0,0.0,0.0,0.0,0.0,0.0,0.0,0.0,,,,0.0,0.0,0.0,0.0,0.0,0.0
b0da4d9216a2bbfcc818675c756bd436b7c3e50f537880fa75c56fd8774d8151,60,current,Optimized Pattern Generator,dynamic_session,Dynamic Session Pattern Assignment,50,6,5,30,10.0,120,nomura_original_interval_hungarian_corr_off,A2 Ablation) Corr Off (DTW-only),False,100,20,0.925,0.01732050807568875,0.0075910473585665255,0.925,0.01732050807568875,0.0075910473585665255,100.0,0.0,0.0,100.0,0.0,0.0,0.0,0.0,0.0,0.0,0.0,0.0,0.0011013091256836497,0.0018501679714045653,0.0008108718653552849,413.6,9.468840867203388,4.149902482050187,3.0975619750504846,0.2793064483544829,0.12241144819463295,2.0307924426932003,0.20551056485596822,0.09006897625001554,0.970459342950926,0.07317785639566221,0.032071609624290016,0.0,0.0,0.0,0.09564330385546782,0.012870769646943935,0.0056408635072482905,3.0968950894995944,0.27927856676580776,0.12239922854962369,2.0307924426932003,0.20551056485596822,0.09006897625001554,0.09564330385546782,0.012870769646943935,0.0056408635072482905,0.0,0.0,0.0,100.0,0.0,0.0,0.0,0.0,0.0,0.0,0.0,0.0,0.0,0.0,0.0,0.0,0.0,0.0,1.0,0.0,0.0,0.0,0.0,0.0,0.0,0.0,0.0,0.0,0.0,0.0,0.0,0.0,0.0,1.0,0.0,0.0,6.380000000000001,0.35161282534539107,0.15410111512967886,0.0,0.0,0.0,0.0,0.0,0.0,0.0,0.0,0.0,0.0,0.0,0.0,0.0,0.0,0.0,,,,0.0,0.0,0.0,0.0,0.0,0.0
b0da4d9216a2bbfcc818675c756bd436b7c3e50f537880fa75c56fd8774d8151,60,current,Optimized Pattern Generator,dynamic_session,Dynamic Session Pattern Assignment,50,6,5,30,10.0,120,nomura_original_interval_hungarian_corr_off,A2 Ablation) Corr Off (DTW-only),False,300,20,0.8368333333333334,0.021777046771357035,0.009544211558269544,0.8368333333333334,0.021777046771357035,0.009544211558269544,300.0,0.0,0.0,300.0,0.0,0.0,0.0,0.0,0.0,0.0,0.0,0.0,0.0012666100220566667,0.0008592476487488606,0.0003765818858134256,416.43500000000006,5.549800849912008,2.432307464549914,25.00084083324946,3.872028462362155,1.6969912951205297,16.76683026139326,2.791287021992742,1.2233354750741894,7.996344877099546,1.0831525733080063,0.4747125456484231,0.0,0.0,0.0,0.2359122656067484,0.017561049204149644,0.007696469156232648,24.999087404099555,3.8718665891854327,1.6969203510728603,16.76683026139326,2.791287021992742,1.2233354750741894,0.2359122656067484,0.017561049204149644,0.007696469156232648,0.0,0.0,0.0,300.0,0.0,0.0,0.0,0.0,0.0,0.0,0.0,0.0,0.0,0.0,0.0,0.0,0.0,0.0,1.0,0.0,0.0,0.0,0.0,0.0,0.0,0.0,0.0,0.0,0.0,0.0,0.0,0.0,0.0,1.0,0.0,0.0,17.2615,0.3856815566732414,0.16903239496430383,0.0,0.0,0.0,0.0,0.0,0.0,0.0,0.0,0.0,0.0,0.0,0.0,0.0,0.0,0.0,,,,0.0,0.0,0.0,0.0,0.0,0.0
b0da4d9216a2bbfcc818675c756bd436b7c3e50f537880fa75c56fd8774d8151,60,current,Optimized Pattern Generator,dynamic_session,Dynamic Session Pattern Assignment,50,6,5,30,10.0,120,nomura_original_interval_hungarian_corr_off,A2 Ablation) Corr Off (DTW-only),False,500,20,0.7771,0.017112322429973334,0.007499805976437692,0.7771,0.017112322429973334,0.007499805976437692,500.0,0.0,0.0,500.0,0.0,0.0,0.0,0.0,0.0,0.0,0.0,0.0,0.0018627012346369431,0.0004891937234033929,0.00021439860226045839,416.035,5.791397885975733,2.5381920341269013,63.75349643530099,0.839082534194769,0.36774413469768985,43.24635494451286,0.5873140378452247,0.25740172610131407,20.140131491099602,0.26004561442685264,0.11397001553739192,0.0,0.0,0.0,0.3635003144372604,0.009310642268261943,0.004080568889099241,63.74998675004972,0.8390335632545143,0.36772267223682886,43.24635494451286,0.5873140378452247,0.25740172610131407,0.3635003144372604,0.009310642268261943,0.004080568889099241,0.0,0.0,0.0,500.0,0.0,0.0,0.0,0.0,0.0,0.0,0.0,0.0,0.0,0.0,0.0,0.0,0.0,0.0,1.0,0.0,0.0,0.0,0.0,0.0,0.0,0.0,0.0,0.0,0.0,0.0,0.0,0.0,0.0,1.0,0.0,0.0,28.3418,0.37340927172544364,0.1636538289413293,0.0,0.0,0.0,0.0,0.0,0.0,0.0,0.0,0.0,0.0,0.0,0.0,0.0,0.0,0.0,,,,0.0,0.0,0.0,0.0,0.0,0.0
b0da4d9216a2bbfcc818675c756bd436b7c3e50f537880fa75c56fd8774d8151,60,current,Optimized Pattern Generator,dynamic_session,Dynamic Session Pattern Assignment,50,6,5,30,10.0,120,nomura_original_interval_hungarian_all_off,A2 Ablation) All Waveform Terms Off,False,100,20,0.9164999999999999,0.03248886448907491,0.014238872663832692,0.9164999999999999,0.03248886448907491,0.014238872663832692,100.0,0.0,0.0,100.0,0.0,0.0,0.0,0.0,0.0,0.0,0.0,0.0,1.5514502516250002,0.13981885558437307,0.06127831526208532,413.6,9.468840867203388,4.149902482050187,2.0788330082497852,0.20656660514342493,0.09053180631248293,1.9826356708395907,0.20033835340861092,0.08780215463751802,0.002964128743769834,0.0006790012494415424,0.0002975854183094816,0.0,0.0,0.0,0.09257877326599555,0.012881435950253125,0.005645538220784814,2.078178572849356,0.20653348062337742,0.09051728885148748,1.9826356708395907,0.20033835340861092,0.08780215463751802,0.09257877326599555,0.012881435950253125,0.005645538220784814,0.0,0.0,0.0,100.0,0.0,0.0,0.0,0.0,0.0,0.0,0.0,0.0,0.0,0.0,0.0,0.0,0.0,0.0,1.0,0.0,0.0,0.0,0.0,0.0,0.0,0.0,0.0,0.0,0.0,0.0,0.0,0.0,0.0,1.0,0.0,0.0,6.380000000000001,0.35161282534539107,0.15410111512967886,0.0,0.0,0.0,0.0,0.0,0.0,0.0,0.0,0.0,0.0,0.0,0.0,0.0,0.0,0.0,,,,0.0,0.0,0.0,0.0,0.0,0.0
b0da4d9216a2bbfcc818675c756bd436b7c3e50f537880fa75c56fd8774d8151,60,current,Optimized Pattern Generator,dynamic_session,Dynamic Session Pattern Assignment,50,6,5,30,10.0,120,nomura_original_interval_hungarian_all_off,A2 Ablation) All Waveform Terms Off,False,300,20,0.7983333333333335,0.02486219328560454,0.010896336634244717,0.7983333333333335,0.02486219328560454,0.010896336634244717,300.0,0.0,0.0,300.0,0.0,0.0,0.0,0.0,0.0,0.0,0.0,0.0,1.363300256875,0.07085054854296682,0.03105162198590361,416.43500000000006,5.549800849912008,2.432307464549914,16.919423150100194,2.867822084420572,1.2568784451153496,16.667884147259976,2.823733328328416,1.2375556958049176,0.010605277367358213,0.0024234893642705122,0.0010621410444062965,0.0,0.0,0.0,0.2391794731731352,0.04237377415751739,0.01857112533796882,16.917668897800468,2.8676482836356683,1.2568022735629105,16.667884147259976,2.823733328328416,1.2375556958049176,0.2391794731731352,0.04237377415751739,0.01857112533796882,0.0,0.0,0.0,300.0,0.0,0.0,0.0,0.0,0.0,0.0,0.0,0.0,0.0,0.0,0.0,0.0,0.0,0.0,1.0,0.0,0.0,0.0,0.0,0.0,0.0,0.0,0.0,0.0,0.0,0.0,0.0,0.0,0.0,1.0,0.0,0.0,17.2615,0.3856815566732414,0.16903239496430383,0.0,0.0,0.0,0.0,0.0,0.0,0.0,0.0,0.0,0.0,0.0,0.0,0.0,0.0,0.0,,,,0.0,0.0,0.0,0.0,0.0,0.0
b0da4d9216a2bbfcc818675c756bd436b7c3e50f537880fa75c56fd8774d8151,60,current,Optimized Pattern Generator,dynamic_session,Dynamic Session Pattern Assignment,50,6,5,30,10.0,120,nomura_original_interval_hungarian_all_off,A2 Ablation) All Waveform Terms Off,False,500,20,0.7121,0.024857276812360524,0.010894181894841613,0.7121,0.024857276812360524,0.010894181894841613,500.0,0.0,0.0,500.0,0.0,0.0,0.0,0.0,0.0,0.0,0.0,0.0,1.22053027333,0.05317206637677195,0.02330368556482823,416.035,5.791397885975733,2.5381920341269013,43.54888706480015,0.595375149452412,0.2609346640327792,43.16461069252764,0.5953597463828031,0.2609279133398805,0.020490824583248468,0.0005137460244207724,0.00022515912261992236,0.0,0.0,0.0,0.3603080286906334,0.009080988635042562,0.003979918746608206,43.54540954580152,0.5953398340713743,0.2609191863846195,43.16461069252764,0.5953597463828031,0.2609279133398805,0.3603080286906334,0.009080988635042562,0.003979918746608206,0.0,0.0,0.0,500.0,0.0,0.0,0.0,0.0,0.0,0.0,0.0,0.0,0.0,0.0,0.0,0.0,0.0,0.0,1.0,0.0,0.0,0.0,0.0,0.0,0.0,0.0,0.0,0.0,0.0,0.0,0.0,0.0,0.0,1.0,0.0,0.0,28.3418,0.37340927172544364,0.1636538289413293,0.0,0.0,0.0,0.0,0.0,0.0,0.0,0.0,0.0,0.0,0.0,0.0,0.0,0.0,0.0,,,,0.0,0.0,0.0,0.0,0.0,0.0
b0da4d9216a2bbfcc818675c756bd436b7c3e50f537880fa75c56fd8774d8151,60,current,Optimized Pattern Generator,dynamic_session,Dynamic Session Pattern Assignment,50,6,5,30,10.0,120,bayesian_windowed,A3) Bayesian Posterior + Hungarian + Lock,False,100,20,0.9929999999999998,0.007326950970650471,0.0032111778458837736,0.9929999999999998,0.007326950970650471,0.0032111778458837736,100.0,0.0,0.0,100.0,0.0,0.0,0.0,0.0,0.0,0.0,0.0,0.0,0.1457957691144575,0.018897194355518506,0.008282060587941082,413.6,9.468840867203388,4.149902482050187,2.468819904350312,0.23859090900995827,0.1045670763065078,2.008099816797403,0.20224224062275933,0.08863656999905442,0.36605547085382567,0.030615051560133433,0.013417637938931392,0.0,0.0,0.0,0.09399314594811585,0.010109210157986466,0.004430556697969468,2.4681484335993447,0.23857195453355465,0.10455876914095538,2.008099816797403,0.20224224062275933,0.08863656999905442,0.09399314594811585,0.010109210157986466,0.004430556697969468,0.0,0.0,0.0,100.0,0.0,0.0,0.0,0.0,0.0,0.0,0.0,0.0,0.0,0.0,0.0,0.0,0.0,0.0,1.0,0.0,0.0,0.0,0.0,0.0,0.0,0.0,0.0,0.0,0.0,0.0,0.0,0.0,0.0,1.0,0.0,0.0,6.380000000000001,0.35161282534539107,0.15410111512967886,0.0,0.0,0.0,0.0,0.0,0.0,0.0,0.0,0.0,0.0,0.0,0.0,0.0,0.0,0.0,,,,0.0,0.0,0.0,0.0,0.0,0.0
b0da4d9216a2bbfcc818675c756bd436b7c3e50f537880fa75c56fd8774d8151,60,current,Optimized Pattern Generator,dynamic_session,Dynamic Session Pattern Assignment,50,6,5,30,10.0,120,bayesian_windowed,A3) Bayesian Posterior + Hungarian + Lock,False,300,20,0.9810000000000001,0.008384056158019132,0.003674474621315273,0.9810000000000001,0.008384056158019132,0.003674474621315273,300.0,0.0,0.0,300.0,0.0,0.0,0.0,0.0,0.0,0.0,0.0,0.0,0.35757875870868727,0.027467521583953273,0.012038172105291794,416.43500000000006,5.549800849912008,2.432307464549914,19.673601085350676,3.063493824556719,1.342635366310489,16.57669132756673,2.6326851196449557,1.1538251266121442,2.856635647605799,0.39355172021178425,0.17248164621488338,0.0,0.0,0.0,0.23850371442749746,0.039582370767762755,0.01734773886247434,19.67183068960003,3.0634009126427766,1.3425946458688118,16.57669132756673,2.6326851196449557,1.1538251266121442,0.23850371442749746,0.039582370767762755,0.01734773886247434,0.0,0.0,0.0,300.0,0.0,0.0,0.0,0.0,0.0,0.0,0.0,0.0,0.0,0.0,0.0,0.0,0.0,0.0,1.0,0.0,0.0,0.0,0.0,0.0,0.0,0.0,0.0,0.0,0.0,0.0,0.0,0.0,0.0,1.0,0.0,0.0,17.2615,0.3856815566732414,0.16903239496430383,0.0,0.0,0.0,0.0,0.0,0.0,0.0,0.0,0.0,0.0,0.0,0.0,0.0,0.0,0.0,,,,0.0,0.0,0.0,0.0,0.0,0.0
b0da4d9216a2bbfcc818675c756bd436b7c3e50f537880fa75c56fd8774d8151,60,current,Optimized Pattern Generator,dynamic_session,Dynamic Session Pattern Assignment,50,6,5,30,10.0,120,bayesian_windowed,A3) Bayesian Posterior + Hungarian + Lock,False,500,20,0.9695,0.0070150214765023755,0.00307446871747573,0.9695,0.0070150214765023755,0.00307446871747573,500.0,0.0,0.0,500.0,0.0,0.0,0.0,0.0,0.0,0.0,0.0,0.0,0.5752720719330984,0.03447305655164276,0.01510848317696687,416.035,5.791397885975733,2.5381920341269013,50.93121303750122,0.6762760273003005,0.2963910370450072,43.3286599371193,0.5876501387908089,0.2575490288353932,7.241058173401688,0.09286125733042029,0.0406982404379164,0.0,0.0,0.0,0.3580112934778299,0.009720210887494751,0.004260070250814077,50.92772940399882,0.6762506944621096,0.2963799344391486,43.3286599371193,0.5876501387908089,0.2575490288353932,0.3580112934778299,0.009720210887494751,0.004260070250814077,0.0,0.0,0.0,500.0,0.0,0.0,0.0,0.0,0.0,0.0,0.0,0.0,0.0,0.0,0.0,0.0,0.0,0.0,1.0,0.0,0.0,0.0,0.0,0.0,0.0,0.0,0.0,0.0,0.0,0.0,0.0,0.0,0.0,1.0,0.0,0.0,28.3418,0.37340927172544364,0.1636538289413293,0.0,0.0,0.0,0.0,0.0,0.0,0.0,0.0,0.0,0.0,0.0,0.0,0.0,0.0,0.0,,,,0.0,0.0,0.0,0.0,0.0,0.0
b0da4d9216a2bbfcc818675c756bd436b7c3e50f537880fa75c56fd8774d8151,60,current,Optimized Pattern Generator,dynamic_session,Dynamic Session Pattern Assignment,50,6,5,30,10.0,120,bayesian_windowed_lock_off,A3 Ablation) Lock Off,False,100,20,0.9929999999999998,0.007326950970650471,0.0032111778458837736,0.9929999999999998,0.007326950970650471,0.0032111778458837736,100.0,0.0,0.0,100.0,0.0,0.0,0.0,0.0,0.0,0.0,0.0,0.0,0.14586472981480597,0.01888342383065209,0.008276025389322398,413.6,9.468840867203388,4.149902482050187,2.4448446104004686,0.22324799789364658,0.09784274902966102,1.9896376148521084,0.19223055506140868,0.0842487553400859,0.361589083659419,0.028576376712044063,0.012524149292239401,0.0,0.0,0.0,0.09294823268792243,0.00786033315242181,0.003444942893903635,2.44417493119945,0.22321229684041896,0.0978271023532115,1.9896376148521084,0.19223055506140868,0.0842487553400859,0.09294823268792243,0.00786033315242181,0.003444942893903635,0.0,0.0,0.0,100.0,0.0,0.0,0.0,0.0,0.0,0.0,0.0,0.0,0.0,0.0,0.0,0.0,0.0,0.0,1.0,0.0,0.0,0.0,0.0,0.0,0.0,0.0,0.0,0.0,0.0,0.0,0.0,0.0,0.0,1.0,0.0,0.0,6.380000000000001,0.35161282534539107,0.15410111512967886,0.0,0.0,0.0,0.0,0.0,0.0,0.0,0.0,0.0,0.0,0.0,0.0,0.0,0.0,0.0,,,,0.0,0.0,0.0,0.0,0.0,0.0
b0da4d9216a2bbfcc818675c756bd436b7c3e50f537880fa75c56fd8774d8151,60,current,Optimized Pattern Generator,dynamic_session,Dynamic Session Pattern Assignment,50,6,5,30,10.0,120,bayesian_windowed_lock_off,A3 Ablation) Lock Off,False,300,20,0.9810000000000001,0.008384056158019132,0.003674474621315273,0.9810000000000001,0.008384056158019132,0.003674474621315273,300.0,0.0,0.0,300.0,0.0,0.0,0.0,0.0,0.0,0.0,0.0,0.0,0.35759321897411117,0.027464369620347442,0.012036790696334286,416.43500000000006,5.549800849912008,2.432307464549914,19.74518175425037,3.252583973477126,1.4255077779753604,16.64179705004499,2.802710011601997,1.2283418210036128,2.8643235257583,0.41614771219041924,0.18238477633520386,0.0,0.0,0.0,0.23729639089688134,0.03665100485154995,0.01606301110518109,19.74341696670017,3.252481833754559,1.425463013268239,16.64179705004499,2.802710011601997,1.2283418210036128,0.23729639089688134,0.03665100485154995,0.01606301110518109,0.0,0.0,0.0,300.0,0.0,0.0,0.0,0.0,0.0,0.0,0.0,0.0,0.0,0.0,0.0,0.0,0.0,0.0,1.0,0.0,0.0,0.0,0.0,0.0,0.0,0.0,0.0,0.0,0.0,0.0,0.0,0.0,0.0,1.0,0.0,0.0,17.2615,0.3856815566732414,0.16903239496430383,0.0,0.0,0.0,0.0,0.0,0.0,0.0,0.0,0.0,0.0,0.0,0.0,0.0,0.0,0.0,,,,0.0,0.0,0.0,0.0,0.0,0.0
b0da4d9216a2bbfcc818675c756bd436b7c3e50f537880fa75c56fd8774d8151,60,current,Optimized Pattern Generator,dynamic_session,Dynamic Session Pattern Assignment,50,6,5,30,10.0,120,bayesian_windowed_lock_off,A3 Ablation) Lock Off,False,500,20,0.9695,0.0070150214765023755,0.00307446871747573,0.9695,0.0070150214765023755,0.00307446871747573,500.0,0.0,0.0,500.0,0.0,0.0,0.0,0.0,0.0,0.0,0.0,0.0,0.5752763606539257,0.03447367540919235,0.015108754403246527,416.035,5.791397885975733,2.5381920341269013,50.94796111680152,0.6849282617999604,0.3001830460067148,43.34462494954132,0.5892593539370098,0.25825429846902936,7.24038230499391,0.09429943052441288,0.04132854763085274,0.0,0.0,0.0,0.3593740850643371,0.012140035830094466,0.0053206052916133645,50.944381339599566,0.684853127470894,0.3001501169351365,43.34462494954132,0.5892593539370098,0.25825429846902936,0.3593740850643371,0.012140035830094466,0.0053206052916133645,0.0,0.0,0.0,500.0,0.0,0.0,0.0,0.0,0.0,0.0,0.0,0.0,0.0,0.0,0.0,0.0,0.0,0.0,1.0,0.0,0.0,0.0,0.0,0.0,0.0,0.0,0.0,0.0,0.0,0.0,0.0,0.0,0.0,1.0,0.0,0.0,28.3418,0.37340927172544364,0.1636538289413293,0.0,0.0,0.0,0.0,0.0,0.0,0.0,0.0,0.0,0.0,0.0,0.0,0.0,0.0,0.0,,,,0.0,0.0,0.0,0.0,0.0,0.0
b0da4d9216a2bbfcc818675c756bd436b7c3e50f537880fa75c56fd8774d8151,60,current,Optimized Pattern Generator,dynamic_session,Dynamic Session Pattern Assignment,50,6,5,30,10.0,120,bayesian_windowed_memory_off,A3 Ablation) Posterior Memory Off,False,100,20,0.9819999999999997,0.01105012502906166,0.0048429308220713264,0.9819999999999997,0.01105012502906166,0.0048429308220713264,100.0,0.0,0.0,100.0,0.0,0.0,0.0,0.0,0.0,0.0,0.0,0.0,0.2825644963445957,0.032875698626638285,0.014408410199644096,413.6,9.468840867203388,4.149902482050187,2.4732416540005944,0.24846704042467196,0.10889548174131991,2.0158275618930928,0.21355029862526975,0.09359254493093067,0.36371132739623135,0.030374474880972408,0.01331220056048397,0.0,0.0,0.0,0.09302307316065708,0.009286149975510171,0.004069834668521755,2.4725619624499813,0.24843146635310903,0.10887989071703869,2.0158275618930928,0.21355029862526975,0.09359254493093067,0.09302307316065708,0.009286149975510171,0.004069834668521755,0.0,0.0,0.0,100.0,0.0,0.0,0.0,0.0,0.0,0.0,0.0,0.0,0.0,0.0,0.0,0.0,0.0,0.0,1.0,0.0,0.0,0.0,0.0,0.0,0.0,0.0,0.0,0.0,0.0,0.0,0.0,0.0,0.0,1.0,0.0,0.0,6.380000000000001,0.35161282534539107,0.15410111512967886,0.0,0.0,0.0,0.0,0.0,0.0,0.0,0.0,0.0,0.0,0.0,0.0,0.0,0.0,0.0,,,,0.0,0.0,0.0,0.0,0.0,0.0
b0da4d9216a2bbfcc818675c756bd436b7c3e50f537880fa75c56fd8774d8151,60,current,Optimized Pattern Generator,dynamic_session,Dynamic Session Pattern Assignment,50,6,5,30,10.0,120,bayesian_windowed_memory_off,A3 Ablation) Posterior Memory Off,False,300,20,0.9570000000000001,0.012325981687533186,0.005402099656777388,0.9570000000000001,0.012325981687533186,0.005402099656777388,300.0,0.0,0.0,300.0,0.0,0.0,0.0,0.0,0.0,0.0,0.0,0.0,0.6248730259892972,0.037500166833159466,0.016435172752479407,416.43500000000006,5.549800849912008,2.432307464549914,19.72577370630024,3.1546815153439565,1.382600133871542,16.62155011114992,2.719154835368955,1.1917221504335176,2.8640667981177104,0.40379755685983115,0.1769720821122361,0.0,0.0,0.0,0.23838367838106933,0.033632057561773475,0.014739899118537018,19.724000587648696,3.1545536934726486,1.3825441134664638,16.62155011114992,2.719154835368955,1.1917221504335176,0.23838367838106933,0.033632057561773475,0.014739899118537018,0.0,0.0,0.0,300.0,0.0,0.0,0.0,0.0,0.0,0.0,0.0,0.0,0.0,0.0,0.0,0.0,0.0,0.0,1.0,0.0,0.0,0.0,0.0,0.0,0.0,0.0,0.0,0.0,0.0,0.0,0.0,0.0,0.0,1.0,0.0,0.0,17.2615,0.3856815566732414,0.16903239496430383,0.0,0.0,0.0,0.0,0.0,0.0,0.0,0.0,0.0,0.0,0.0,0.0,0.0,0.0,0.0,,,,0.0,0.0,0.0,0.0,0.0,0.0
b0da4d9216a2bbfcc818675c756bd436b7c3e50f537880fa75c56fd8774d8151,60,current,Optimized Pattern Generator,dynamic_session,Dynamic Session Pattern Assignment,50,6,5,30,10.0,120,bayesian_windowed_memory_off,A3 Ablation) Posterior Memory Off,False,500,20,0.9376,0.011324867839358946,0.004963342167701523,0.9376,0.011324867839358946,0.004963342167701523,500.0,0.0,0.0,500.0,0.0,0.0,0.0,0.0,0.0,0.0,0.0,0.0,0.935632035225416,0.041713202952747976,0.018281617242871525,416.035,5.791397885975733,2.5381920341269013,50.92636020015088,0.6795379916219388,0.2978206559418262,43.31845069293449,0.5870835218786942,0.25730069802458605,7.242973346894724,0.09685101234473886,0.042446827669331444,0.0,0.0,0.0,0.36142431437147027,0.009536371627143403,0.004179499142530614,50.92284835420069,0.6794993997886477,0.2978037423251536,43.31845069293449,0.5870835218786942,0.25730069802458605,0.36142431437147027,0.009536371627143403,0.004179499142530614,0.0,0.0,0.0,500.0,0.0,0.0,0.0,0.0,0.0,0.0,0.0,0.0,0.0,0.0,0.0,0.0,0.0,0.0,1.0,0.0,0.0,0.0,0.0,0.0,0.0,0.0,0.0,0.0,0.0,0.0,0.0,0.0,0.0,1.0,0.0,0.0,28.3418,0.37340927172544364,0.1636538289413293,0.0,0.0,0.0,0.0,0.0,0.0,0.0,0.0,0.0,0.0,0.0,0.0,0.0,0.0,0.0,,,,0.0,0.0,0.0,0.0,0.0,0.0
b0da4d9216a2bbfcc818675c756bd436b7c3e50f537880fa75c56fd8774d8151,60,current,Optimized Pattern Generator,dynamic_session,Dynamic Session Pattern Assignment,50,6,5,30,10.0,120,bayesian_windowed_timeprior_off,A3 Ablation) Time Prior Off,False,100,20,0.9929999999999998,0.007326950970650471,0.0032111778458837736,0.9929999999999998,0.007326950970650471,0.0032111778458837736,100.0,0.0,0.0,100.0,0.0,0.0,0.0,0.0,0.0,0.0,0.0,0.0,0.14686932420609702,0.019146219489548737,0.00839120066498941,413.6,9.468840867203388,4.149902482050187,2.443174639499921,0.23298112546324565,0.10210848026600398,1.987564478553395,0.19530160786415454,0.08559470357465437,0.36137554213564727,0.029521582146584423,0.012938403838688958,0.0,0.0,0.0,0.09356967296225775,0.015686299984490233,0.006874824083831715,2.4425096936513,0.23293259432836644,0.10208721055834742,1.987564478553395,0.19530160786415454,0.08559470357465437,0.09356967296225775,0.015686299984490233,0.006874824083831715,0.0,0.0,0.0,100.0,0.0,0.0,0.0,0.0,0.0,0.0,0.0,0.0,0.0,0.0,0.0,0.0,0.0,0.0,1.0,0.0,0.0,0.0,0.0,0.0,0.0,0.0,0.0,0.0,0.0,0.0,0.0,0.0,0.0,1.0,0.0,0.0,6.380000000000001,0.35161282534539107,0.15410111512967886,0.0,0.0,0.0,0.0,0.0,0.0,0.0,0.0,0.0,0.0,0.0,0.0,0.0,0.0,0.0,,,,0.0,0.0,0.0,0.0,0.0,0.0
b0da4d9216a2bbfcc818675c756bd436b7c3e50f537880fa75c56fd8774d8151,60,current,Optimized Pattern Generator,dynamic_session,Dynamic Session Pattern Assignment,50,6,5,30,10.0,120,bayesian_windowed_timeprior_off,A3 Ablation) Time Prior Off,False,300,20,0.9810000000000001,0.008384056158019132,0.003674474621315273,0.9810000000000001,0.008384056158019132,0.003674474621315273,300.0,0.0,0.0,300.0,0.0,0.0,0.0,0.0,0.0,0.0,0.0,0.0,0.3599091173395655,0.02779025769709262,0.012179617443295427,416.43500000000006,5.549800849912008,2.432307464549914,19.71029011040082,3.1313281225331284,1.3723650582008096,16.605813766923895,2.686602642749952,1.177455522993017,2.86273357318496,0.4007295476315797,0.1756274677830026,0.0,0.0,0.0,0.2399573725902883,0.046217928625778934,0.020255900316549127,19.708504712699142,3.131186130719817,1.3723028275448346,16.605813766923895,2.686602642749952,1.177455522993017,0.2399573725902883,0.046217928625778934,0.020255900316549127,0.0,0.0,0.0,300.0,0.0,0.0,0.0,0.0,0.0,0.0,0.0,0.0,0.0,0.0,0.0,0.0,0.0,0.0,1.0,0.0,0.0,0.0,0.0,0.0,0.0,0.0,0.0,0.0,0.0,0.0,0.0,0.0,0.0,1.0,0.0,0.0,17.2615,0.3856815566732414,0.16903239496430383,0.0,0.0,0.0,0.0,0.0,0.0,0.0,0.0,0.0,0.0,0.0,0.0,0.0,0.0,0.0,,,,0.0,0.0,0.0,0.0,0.0,0.0
b0da4d9216a2bbfcc818675c756bd436b7c3e50f537880fa75c56fd8774d8151,60,current,Optimized Pattern Generator,dynamic_session,Dynamic Session Pattern Assignment,50,6,5,30,10.0,120,bayesian_windowed_timeprior_off,A3 Ablation) Time Prior Off,False,500,20,0.9686999999999999,0.007027015537795626,0.003079725346605819,0.9686999999999999,0.007027015537795626,0.003079725346605819,500.0,0.0,0.0,500.0,0.0,0.0,0.0,0.0,0.0,0.0,0.0,0.0,0.5787729296061794,0.034693721894696244,0.015205194027606665,416.035,5.791397885975733,2.5381920341269013,50.91468917705024,0.6769632856393926,0.2966922412924126,43.31707671956938,0.588546164527453,0.2579417294289114,7.234727554708661,0.09202167965755172,0.04033027929912706,0.0,0.0,0.0,0.3592645215212542,0.008925141708866846,0.003911615819689601,50.911068795799295,0.6768670320301559,0.29665005628819935,43.31707671956938,0.588546164527453,0.2579417294289114,0.3592645215212542,0.008925141708866846,0.003911615819689601,0.0,0.0,0.0,500.0,0.0,0.0,0.0,0.0,0.0,0.0,0.0,0.0,0.0,0.0,0.0,0.0,0.0,0.0,1.0,0.0,0.0,0.0,0.0,0.0,0.0,0.0,0.0,0.0,0.0,0.0,0.0,0.0,0.0,1.0,0.0,0.0,28.3418,0.37340927172544364,0.1636538289413293,0.0,0.0,0.0,0.0,0.0,0.0,0.0,0.0,0.0,0.0,0.0,0.0,0.0,0.0,0.0,,,,0.0,0.0,0.0,0.0,0.0,0.0
b0da4d9216a2bbfcc818675c756bd436b7c3e50f537880fa75c56fd8774d8151,60,current,Optimized Pattern Generator,dynamic_session,Dynamic Session Pattern Assignment,50,6,5,30,10.0,120,bayesian_windowed_all_off,A3 Ablation) Time Prior + Memory + Lock Off,False,100,20,0.9819999999999997,0.01105012502906166,0.0048429308220713264,0.9819999999999997,0.01105012502906166,0.0048429308220713264,100.0,0.0,0.0,100.0,0.0,0.0,0.0,0.0,0.0,0.0,0.0,0.0,0.28336882447279244,0.03297566931026288,0.014452224283535074,413.6,9.468840867203388,4.149902482050187,2.435943658349788,0.2252049987096466,0.09870044245355436,1.9834861519557307,0.19429591933449275,0.08515394114301733,0.3607348753597762,0.028391534286348465,0.012443138527359064,0.0,0.0,0.0,0.09106097473522823,0.007122303430072334,0.0031214871067002446,2.435282002050735,0.22517868419115653,0.0986889096073351,1.9834861519557307,0.19429591933449275,0.08515394114301733,0.09106097473522823,0.007122303430072334,0.0031214871067002446,0.0,0.0,0.0,100.0,0.0,0.0,0.0,0.0,0.0,0.0,0.0,0.0,0.0,0.0,0.0,0.0,0.0,0.0,1.0,0.0,0.0,0.0,0.0,0.0,0.0,0.0,0.0,0.0,0.0,0.0,0.0,0.0,0.0,1.0,0.0,0.0,6.380000000000001,0.35161282534539107,0.15410111512967886,0.0,0.0,0.0,0.0,0.0,0.0,0.0,0.0,0.0,0.0,0.0,0.0,0.0,0.0,0.0,,,,0.0,0.0,0.0,0.0,0.0,0.0
b0da4d9216a2bbfcc818675c756bd436b7c3e50f537880fa75c56fd8774d8151,60,current,Optimized Pattern Generator,dynamic_session,Dynamic Session Pattern Assignment,50,6,5,30,10.0,120,bayesian_windowed_all_off,A3 Ablation) Time Prior + Memory + Lock Off,False,300,20,0.9563333333333333,0.012134721339540687,0.005318276113433135,0.9563333333333333,0.012134721339540687,0.005318276113433135,300.0,0.0,0.0,300.0,0.0,0.0,0.0,0.0,0.0,0.0,0.0,0.0,0.6259963123164143,0.03760514951501377,0.01648118344144435,416.43500000000006,5.549800849912008,2.432307464549914,19.745160816699354,3.29096643851181,1.4423296349638266,16.642447502541835,2.8452515176527022,1.2469864580849532,2.864324207206664,0.41759178524255913,0.1830176692549797,0.0,0.0,0.0,0.23661295895144577,0.030975233999773595,0.013575494853121466,19.743384668699946,3.2908249507229326,1.4422676252062991,16.642447502541835,2.8452515176527022,1.2469864580849532,0.23661295895144577,0.030975233999773595,0.013575494853121466,0.0,0.0,0.0,300.0,0.0,0.0,0.0,0.0,0.0,0.0,0.0,0.0,0.0,0.0,0.0,0.0,0.0,0.0,1.0,0.0,0.0,0.0,0.0,0.0,0.0,0.0,0.0,0.0,0.0,0.0,0.0,0.0,0.0,1.0,0.0,0.0,17.2615,0.3856815566732414,0.16903239496430383,0.0,0.0,0.0,0.0,0.0,0.0,0.0,0.0,0.0,0.0,0.0,0.0,0.0,0.0,0.0,,,,0.0,0.0,0.0,0.0,0.0,0.0
b0da4d9216a2bbfcc818675c756bd436b7c3e50f537880fa75c56fd8774d8151,60,current,Optimized Pattern Generator,dynamic_session,Dynamic Session Pattern Assignment,50,6,5,30,10.0,120,bayesian_windowed_all_off,A3 Ablation) Time Prior + Memory + Lock Off,False,500,20,0.9373999999999999,0.011127963827554781,0.004877045179635962,0.9373999999999999,0.011127963827554781,0.004877045179635962,500.0,0.0,0.0,500.0,0.0,0.0,0.0,0.0,0.0,0.0,0.0,0.0,0.9370683895041662,0.041760465008001325,0.018302330751858883,416.035,5.791397885975733,2.5381920341269013,50.93872255825045,0.6874053711360686,0.30126868703990933,43.33531440266597,0.5897250387580601,0.25845839384055724,7.238069303009252,0.09756824897201495,0.04276117048082168,0.0,0.0,0.0,0.36177144852299536,0.011115030692750428,0.004871376983393361,50.93515515419822,0.6873437145837848,0.30124166486444504,43.33531440266597,0.5897250387580601,0.25845839384055724,0.36177144852299536,0.011115030692750428,0.004871376983393361,0.0,0.0,0.0,500.0,0.0,0.0,0.0,0.0,0.0,0.0,0.0,0.0,0.0,0.0,0.0,0.0,0.0,0.0,1.0,0.0,0.0,0.0,0.0,0.0,0.0,0.0,0.0,0.0,0.0,0.0,0.0,0.0,0.0,1.0,0.0,0.0,28.3418,0.37340927172544364,0.1636538289413293,0.0,0.0,0.0,0.0,0.0,0.0,0.0,0.0,0.0,0.0,0.0,0.0,0.0,0.0,0.0,,,,0.0,0.0,0.0,0.0,0.0,0.0
